2016-11-07,0D,2.61670
2016-11-07,10Y,3.97770
2016-11-07,14D,2.73920
2016-11-07,1M,2.81500
2016-11-07,1Y,3.16610
2016-11-07,2M,2.98690
2016-11-07,2Y,3.20010
2016-11-07,3M,3.01950
2016-11-07,3Y,3.24740
2016-11-07,4Y,3.44460
2016-11-07,5Y,3.54090
2016-11-07,6M,3.10280
2016-11-07,6Y,3.76410
2016-11-07,7D,2.71340
2016-11-07,7Y,3.79550
2016-11-07,8Y,3.87910
2016-11-07,9M,3.16070
2016-11-07,9Y,3.96080
2016-11-04,0D,2.66030
2016-11-04,10Y,3.96360
2016-11-04,14D,2.91020
2016-11-04,1M,2.91090
2016-11-04,1Y,3.16640
2016-11-04,2M,2.93970
2016-11-04,2Y,3.21270
2016-11-04,3M,3.00070
2016-11-04,3Y,3.24000
2016-11-04,4Y,3.43400
2016-11-04,5Y,3.53080
2016-11-04,6M,3.13250
2016-11-04,6Y,3.75500
2016-11-04,7D,2.87470
2016-11-04,7Y,3.78640
2016-11-04,8Y,3.86990
2016-11-04,9M,3.15090
2016-11-04,9Y,3.94670
2016-11-03,0D,2.66030
2016-11-03,10Y,3.95590
2016-11-03,14D,3.01530
2016-11-03,1M,3.02740
2016-11-03,1Y,3.16620
2016-11-03,2M,3.03550
2016-11-03,2Y,3.22580
2016-11-03,3M,3.06580
2016-11-03,3Y,3.24810
2016-11-03,4Y,3.44190
2016-11-03,5Y,3.53450
2016-11-03,6M,3.11800
2016-11-03,6Y,3.75410
2016-11-03,7D,2.97470
2016-11-03,7Y,3.78550
2016-11-03,8Y,3.86910
2016-11-03,9M,3.13260
2016-11-03,9Y,3.94590
2016-11-02,0D,2.76030
2016-11-02,10Y,3.96130
2016-11-02,14D,3.07990
2016-11-02,1M,3.09010
2016-11-02,1Y,3.18800
2016-11-02,2M,3.09520
2016-11-02,2Y,3.22710
2016-11-02,3M,3.09760
2016-11-02,3Y,3.23530
2016-11-02,4Y,3.45190
2016-11-02,5Y,3.54040
2016-11-02,6M,3.13890
2016-11-02,6Y,3.76380
2016-11-02,7D,3.05160
2016-11-02,7Y,3.79520
2016-11-02,8Y,3.87870
2016-11-02,9M,3.15150
2016-11-02,9Y,3.95430
2016-11-01,0D,2.83220
2016-11-01,10Y,3.97270
2016-11-01,14D,3.17750
2016-11-01,1M,3.19030
2016-11-01,1Y,3.21460
2016-11-01,2M,3.15130
2016-11-01,2Y,3.23020
2016-11-01,3M,3.14610
2016-11-01,3Y,3.23590
2016-11-01,4Y,3.45720
2016-11-01,5Y,3.55050
2016-11-01,6M,3.19050
2016-11-01,6Y,3.77550
2016-11-01,7D,3.12660
2016-11-01,7Y,3.80850
2016-11-01,8Y,3.89640
2016-11-01,9M,3.21190
2016-11-01,9Y,3.94290
2016-10-31,0D,2.90300
2016-10-31,10Y,3.95380
2016-10-31,14D,3.15880
2016-10-31,1M,3.25100
2016-10-31,1Y,3.19940
2016-10-31,2M,3.16170
2016-10-31,2Y,3.20940
2016-10-31,3M,3.14480
2016-10-31,3Y,3.22540
2016-10-31,4Y,3.42750
2016-10-31,5Y,3.53020
2016-10-31,6M,3.16100
2016-10-31,6Y,3.75660
2016-10-31,7D,3.06450
2016-10-31,7Y,3.78960
2016-10-31,8Y,3.87890
2016-10-31,9M,3.18690
2016-10-31,9Y,3.91890
2016-10-28,0D,2.88400
2016-10-28,10Y,3.92790
2016-10-28,14D,3.18700
2016-10-28,1M,3.25470
2016-10-28,1Y,3.21070
2016-10-28,2M,3.16330
2016-10-28,2Y,3.21310
2016-10-28,3M,3.16060
2016-10-28,3Y,3.21490
2016-10-28,4Y,3.40240
2016-10-28,5Y,3.50450
2016-10-28,6M,3.16060
2016-10-28,6Y,3.73950
2016-10-28,7D,3.04000
2016-10-28,7Y,3.76460
2016-10-28,8Y,3.86150
2016-10-28,9M,3.17590
2016-10-28,9Y,3.90910
2016-10-27,0D,2.94400
2016-10-27,10Y,3.94740
2016-10-27,14D,3.08500
2016-10-27,1M,3.28460
2016-10-27,1Y,3.19930
2016-10-27,2M,3.20500
2016-10-27,2Y,3.23100
2016-10-27,3M,3.15330
2016-10-27,3Y,3.21500
2016-10-27,4Y,3.40430
2016-10-27,5Y,3.50610
2016-10-27,6M,3.16420
2016-10-27,6Y,3.73800
2016-10-27,7D,2.99520
2016-10-27,7Y,3.75620
2016-10-27,8Y,3.88620
2016-10-27,9M,3.14840
2016-10-27,9Y,3.92970
2016-10-26,0D,2.84400
2016-10-26,10Y,3.93690
2016-10-26,14D,3.03810
2016-10-26,1M,3.22600
2016-10-26,1Y,3.13240
2016-10-26,2M,3.13500
2016-10-26,2Y,3.20070
2016-10-26,3M,3.10350
2016-10-26,3Y,3.19740
2016-10-26,4Y,3.37000
2016-10-26,5Y,3.47420
2016-10-26,6M,3.13250
2016-10-26,6Y,3.72020
2016-10-26,7D,2.86800
2016-10-26,7Y,3.74060
2016-10-26,8Y,3.86470
2016-10-26,9M,3.10870
2016-10-26,9Y,3.90220
2016-10-25,0D,2.77790
2016-10-25,10Y,3.90480
2016-10-25,14D,2.95240
2016-10-25,1M,3.12600
2016-10-25,1Y,3.07010
2016-10-25,2M,3.13190
2016-10-25,2Y,3.18380
2016-10-25,3M,3.08870
2016-10-25,3Y,3.15080
2016-10-25,4Y,3.33100
2016-10-25,5Y,3.43930
2016-10-25,6M,3.09810
2016-10-25,6Y,3.70250
2016-10-25,7D,2.77860
2016-10-25,7Y,3.74020
2016-10-25,8Y,3.85050
2016-10-25,9M,3.04730
2016-10-25,9Y,3.87420
2016-10-24,0D,2.72090
2016-10-24,10Y,3.90130
2016-10-24,14D,2.94840
2016-10-24,1M,3.07020
2016-10-24,1Y,3.04990
2016-10-24,2M,3.08720
2016-10-24,2Y,3.14870
2016-10-24,3M,3.05510
2016-10-24,3Y,3.14260
2016-10-24,4Y,3.33220
2016-10-24,5Y,3.42930
2016-10-24,6M,3.05810
2016-10-24,6Y,3.68530
2016-10-24,7D,2.72280
2016-10-24,7Y,3.76970
2016-10-24,8Y,3.85710
2016-10-24,9M,3.04190
2016-10-24,9Y,3.87580
2016-10-21,0D,2.71190
2016-10-21,10Y,3.91150
2016-10-21,14D,2.84360
2016-10-21,1M,2.96860
2016-10-21,1Y,3.04370
2016-10-21,2M,2.98440
2016-10-21,2Y,3.16100
2016-10-21,3M,3.02090
2016-10-21,3Y,3.15170
2016-10-21,4Y,3.36260
2016-10-21,5Y,3.44310
2016-10-21,6M,3.02030
2016-10-21,6Y,3.70570
2016-10-21,7D,2.70980
2016-10-21,7Y,3.78000
2016-10-21,8Y,3.85740
2016-10-21,9M,3.03720
2016-10-21,9Y,3.88100
2016-10-20,0D,2.66790
2016-10-20,10Y,3.92160
2016-10-20,14D,2.81260
2016-10-20,1M,2.90420
2016-10-20,1Y,3.01620
2016-10-20,2M,2.91020
2016-10-20,2Y,3.12620
2016-10-20,3M,2.95920
2016-10-20,3Y,3.15380
2016-10-20,4Y,3.37980
2016-10-20,5Y,3.44220
2016-10-20,6M,2.99540
2016-10-20,6Y,3.72440
2016-10-20,7D,2.67580
2016-10-20,7Y,3.78710
2016-10-20,8Y,3.85290
2016-10-20,9M,2.99080
2016-10-20,9Y,3.88380
2016-10-19,0D,2.65590
2016-10-19,10Y,3.94120
2016-10-19,14D,2.80960
2016-10-19,1M,2.89620
2016-10-19,1Y,3.02350
2016-10-19,2M,2.86460
2016-10-19,2Y,3.13010
2016-10-19,3M,2.92940
2016-10-19,3Y,3.15420
2016-10-19,4Y,3.39680
2016-10-19,5Y,3.48570
2016-10-19,6M,2.95090
2016-10-19,6Y,3.75030
2016-10-19,7D,2.66880
2016-10-19,7Y,3.81860
2016-10-19,8Y,3.87010
2016-10-19,9M,2.96890
2016-10-19,9Y,3.89720
2016-10-18,0D,2.63290
2016-10-18,10Y,3.94640
2016-10-18,14D,2.80360
2016-10-18,1M,2.88110
2016-10-18,1Y,3.01210
2016-10-18,2M,2.87570
2016-10-18,2Y,3.13400
2016-10-18,3M,2.90780
2016-10-18,3Y,3.16180
2016-10-18,4Y,3.40440
2016-10-18,5Y,3.47690
2016-10-18,6M,2.95100
2016-10-18,6Y,3.74400
2016-10-18,7D,2.65980
2016-10-18,7Y,3.81910
2016-10-18,8Y,3.87730
2016-10-18,9M,2.97310
2016-10-18,9Y,3.90340
2016-10-17,0D,2.61890
2016-10-17,10Y,3.95380
2016-10-17,14D,2.80160
2016-10-17,1M,2.86040
2016-10-17,1Y,2.99040
2016-10-17,2M,2.86000
2016-10-17,2Y,3.13220
2016-10-17,3M,2.90010
2016-10-17,3Y,3.19010
2016-10-17,4Y,3.40090
2016-10-17,5Y,3.47990
2016-10-17,6M,2.93120
2016-10-17,6Y,3.73860
2016-10-17,7D,2.65380
2016-10-17,7Y,3.81330
2016-10-17,8Y,3.87120
2016-10-17,9M,2.95150
2016-10-17,9Y,3.91820
2016-10-14,0D,2.61290
2016-10-14,10Y,3.97220
2016-10-14,14D,2.76230
2016-10-14,1M,2.81170
2016-10-14,1Y,2.99460
2016-10-14,2M,2.81280
2016-10-14,2Y,3.13990
2016-10-14,3M,2.88760
2016-10-14,3Y,3.18020
2016-10-14,4Y,3.39260
2016-10-14,5Y,3.45690
2016-10-14,6M,2.92680
2016-10-14,6Y,3.72690
2016-10-14,7D,2.65280
2016-10-14,7Y,3.81540
2016-10-14,8Y,3.86220
2016-10-14,9M,2.95220
2016-10-14,9Y,3.90820
2016-10-13,0D,2.61090
2016-10-13,10Y,4.00720
2016-10-13,14D,2.76430
2016-10-13,1M,2.81820
2016-10-13,1Y,2.99740
2016-10-13,2M,2.84220
2016-10-13,2Y,3.13440
2016-10-13,3M,2.85370
2016-10-13,3Y,3.22510
2016-10-13,4Y,3.40150
2016-10-13,5Y,3.47580
2016-10-13,6M,2.94210
2016-10-13,6Y,3.74970
2016-10-13,7D,2.65680
2016-10-13,7Y,3.83560
2016-10-13,8Y,3.89240
2016-10-13,9M,2.96340
2016-10-13,9Y,3.90780
2016-10-12,7Y,3.84520
2016-10-12,8Y,3.88350
2016-10-12,9M,2.97520
2016-10-12,9Y,3.90830
2016-10-12,0D,2.60990
2016-10-12,10Y,4.01880
2016-10-12,14D,2.76630
2016-10-12,1M,2.81310
2016-10-12,1Y,3.03140
2016-10-12,2M,2.84250
2016-10-12,2Y,3.15910
2016-10-12,3M,2.87830
2016-10-12,3Y,3.18920
2016-10-12,4Y,3.40230
2016-10-12,5Y,3.48400
2016-10-12,6M,2.93520
2016-10-12,6Y,3.75940
2016-10-12,7D,2.71180
2016-10-11,0D,2.63290
2016-10-11,10Y,4.00900
2016-10-11,14D,2.81230
2016-10-11,1M,2.85690
2016-10-11,1Y,3.05580
2016-10-11,2M,2.88100
2016-10-11,2Y,3.18500
2016-10-11,3M,2.89740
2016-10-11,3Y,3.20970
2016-10-11,4Y,3.40780
2016-10-11,5Y,3.46930
2016-10-11,6M,2.97960
2016-10-11,6Y,3.74710
2016-10-11,7D,2.77990
2016-10-11,7Y,3.83290
2016-10-11,8Y,3.87120
2016-10-11,9M,2.98330
2016-10-11,9Y,3.89610
2016-10-10,0D,2.70190
2016-10-10,10Y,4.00690
2016-10-10,14D,2.89470
2016-10-10,1M,2.91610
2016-10-10,1Y,3.07980
2016-10-10,2M,2.92690
2016-10-10,2Y,3.19230
2016-10-10,3M,2.92980
2016-10-10,3Y,3.19680
2016-10-10,4Y,3.43820
2016-10-10,5Y,3.48700
2016-10-10,6M,2.95310
2016-10-10,6Y,3.76100
2016-10-10,7D,2.88600
2016-10-10,7Y,3.84190
2016-10-10,8Y,3.88010
2016-10-10,9M,2.99560
2016-10-10,9Y,3.90490
2016-10-09,0D,2.80190
2016-10-09,10Y,4.02490
2016-10-09,14D,2.90770
2016-10-09,1M,2.95400
2016-10-09,1Y,3.13300
2016-10-09,2M,2.97970
2016-10-09,2Y,3.19780
2016-10-09,3M,2.97510
2016-10-09,3Y,3.21450
2016-10-09,4Y,3.44640
2016-10-09,5Y,3.51700
2016-10-09,6M,3.01470
2016-10-09,6Y,3.78710
2016-10-09,7D,2.90100
2016-10-09,7Y,3.86330
2016-10-09,8Y,3.90150
2016-10-09,9M,3.06420
2016-10-09,9Y,3.92630
2016-10-08,0D,2.90190
2016-10-08,10Y,4.00990
2016-10-08,14D,2.92170
2016-10-08,1M,2.96820
2016-10-08,1Y,3.13910
2016-10-08,2M,2.99280
2016-10-08,2Y,3.19670
2016-10-08,3M,2.99230
2016-10-08,3Y,3.22680
2016-10-08,4Y,3.47270
2016-10-08,5Y,3.53850
2016-10-08,6M,3.03650
2016-10-08,6Y,3.78210
2016-10-08,7D,2.91800
2016-10-08,7Y,3.85630
2016-10-08,8Y,3.89450
2016-10-08,9M,3.05010
2016-10-08,9Y,3.91930
2016-09-30,0D,3.03590
2016-09-30,10Y,4.04000
2016-09-30,14D,2.96060
2016-09-30,1M,3.02290
2016-09-30,1Y,3.11850
2016-09-30,2M,3.01930
2016-09-30,2Y,3.19870
2016-09-30,3M,2.98760
2016-09-30,3Y,3.22620
2016-09-30,4Y,3.46950
2016-09-30,5Y,3.53040
2016-09-30,6M,3.00350
2016-09-30,6Y,3.79170
2016-09-30,7D,3.03290
2016-09-30,7Y,3.88030
2016-09-30,8Y,3.92160
2016-09-30,9M,3.01680
2016-09-30,9Y,3.94640
2016-09-29,0D,3.02690
2016-09-29,10Y,4.04540
2016-09-29,14D,3.01810
2016-09-29,1M,3.07300
2016-09-29,1Y,3.10760
2016-09-29,2M,3.04820
2016-09-29,2Y,3.20080
2016-09-29,3M,3.01040
2016-09-29,3Y,3.23630
2016-09-29,4Y,3.47480
2016-09-29,5Y,3.54020
2016-09-29,6M,3.02050
2016-09-29,6Y,3.79940
2016-09-29,7D,3.04290
2016-09-29,7Y,3.89450
2016-09-29,8Y,3.93140
2016-09-29,9M,3.03260
2016-09-29,9Y,3.95620
2016-09-27,0D,2.95490
2016-09-27,10Y,4.01540
2016-09-27,14D,3.07560
2016-09-27,1M,3.07690
2016-09-27,1Y,3.08910
2016-09-27,2M,3.04590
2016-09-27,2Y,3.21570
2016-09-27,3M,3.01600
2016-09-27,3Y,3.28920
2016-09-27,4Y,3.48880
2016-09-27,5Y,3.53510
2016-09-27,6M,3.03370
2016-09-27,6Y,3.79260
2016-09-27,7D,3.01490
2016-09-27,7Y,3.89140
2016-09-27,8Y,3.92830
2016-09-27,9M,3.03400
2016-09-27,9Y,3.96420
2016-09-26,0D,2.90290
2016-09-26,10Y,4.01550
2016-09-26,14D,3.03760
2016-09-26,1M,3.03960
2016-09-26,1Y,3.08560
2016-09-26,2M,3.01410
2016-09-26,2Y,3.18570
2016-09-26,3M,2.99970
2016-09-26,3Y,3.26900
2016-09-26,4Y,3.47890
2016-09-26,5Y,3.56500
2016-09-26,6M,3.03370
2016-09-26,6Y,3.79760
2016-09-26,7D,2.95930
2016-09-26,7Y,3.89630
2016-09-26,8Y,3.93320
2016-09-26,9M,3.03170
2016-09-26,9Y,3.96920
2016-09-23,0D,2.93570
2016-09-23,10Y,4.00730
2016-09-23,14D,3.06360
2016-09-23,1M,3.06640
2016-09-23,1Y,3.10610
2016-09-23,2M,3.06500
2016-09-23,2Y,3.22110
2016-09-23,3M,3.04390
2016-09-23,3Y,3.28940
2016-09-23,4Y,3.52410
2016-09-23,5Y,3.57500
2016-09-23,6M,3.07850
2016-09-23,6Y,3.80710
2016-09-23,7D,2.95630
2016-09-23,7Y,3.89190
2016-09-23,8Y,3.92870
2016-09-23,9M,3.07870
2016-09-23,9Y,3.96470
2016-09-22,0D,2.88690
2016-09-22,10Y,4.04730
2016-09-22,14D,3.00660
2016-09-22,1M,3.07430
2016-09-22,1Y,3.12520
2016-09-22,2M,3.07700
2016-09-22,2Y,3.26910
2016-09-22,3M,3.07600
2016-09-22,3Y,3.29710
2016-09-22,4Y,3.54480
2016-09-22,5Y,3.58280
2016-09-22,6M,3.08000
2016-09-22,6Y,3.82220
2016-09-22,7D,2.90830
2016-09-22,7Y,3.90160
2016-09-22,8Y,3.91280
2016-09-22,9M,3.10040
2016-09-22,9Y,3.98650
2016-09-21,0D,2.83590
2016-09-21,10Y,4.05240
2016-09-21,14D,2.95660
2016-09-21,1M,3.10850
2016-09-21,1Y,3.14050
2016-09-21,2M,3.11080
2016-09-21,2Y,3.28650
2016-09-21,3M,3.11050
2016-09-21,3Y,3.31080
2016-09-21,4Y,3.55280
2016-09-21,5Y,3.59930
2016-09-21,6M,3.13120
2016-09-21,6Y,3.83350
2016-09-21,7D,2.87530
2016-09-21,7Y,3.91300
2016-09-21,8Y,3.92410
2016-09-21,9M,3.14040
2016-09-21,9Y,3.99780
2016-09-20,0D,2.77790
2016-09-20,10Y,4.05970
2016-09-20,14D,2.89960
2016-09-20,1M,3.04830
2016-09-20,1Y,3.12260
2016-09-20,2M,3.07540
2016-09-20,2Y,3.27290
2016-09-20,3M,3.08010
2016-09-20,3Y,3.28740
2016-09-20,4Y,3.53570
2016-09-20,5Y,3.58050
2016-09-20,6M,3.11480
2016-09-20,6Y,3.82930
2016-09-20,7D,2.82030
2016-09-20,7Y,3.90880
2016-09-20,8Y,3.91990
2016-09-20,9M,3.12150
2016-09-20,9Y,4.00510
2016-09-19,0D,2.72290
2016-09-19,10Y,4.05390
2016-09-19,14D,2.84050
2016-09-19,1M,2.95600
2016-09-19,1Y,3.10510
2016-09-19,2M,2.99870
2016-09-19,2Y,3.24740
2016-09-19,3M,3.00010
2016-09-19,3Y,3.29850
2016-09-19,4Y,3.53090
2016-09-19,5Y,3.60260
2016-09-19,6M,3.07080
2016-09-19,6Y,3.82410
2016-09-19,7D,2.76730
2016-09-19,7Y,3.90360
2016-09-19,8Y,3.91470
2016-09-19,9M,3.10190
2016-09-19,9Y,3.99990
2016-09-18,0D,2.73890
2016-09-18,10Y,4.06140
2016-09-18,14D,2.85420
2016-09-18,1M,2.92660
2016-09-18,1Y,3.07510
2016-09-18,2M,2.96390
2016-09-18,2Y,3.24470
2016-09-18,3M,2.98470
2016-09-18,3Y,3.29500
2016-09-18,4Y,3.55500
2016-09-18,5Y,3.64090
2016-09-18,6M,3.03180
2016-09-18,6Y,3.84200
2016-09-18,7D,2.76430
2016-09-18,7Y,3.92150
2016-09-18,8Y,3.93260
2016-09-18,9M,3.06860
2016-09-18,9Y,4.01780
2016-09-14,0D,2.72690
2016-09-14,10Y,4.05270
2016-09-14,14D,2.86600
2016-09-14,1M,2.95740
2016-09-14,1Y,3.06900
2016-09-14,2M,2.97140
2016-09-14,2Y,3.24810
2016-09-14,3M,2.98220
2016-09-14,3Y,3.29780
2016-09-14,4Y,3.55780
2016-09-14,5Y,3.64960
2016-09-14,6M,3.05090
2016-09-14,6Y,3.83880
2016-09-14,7D,2.76230
2016-09-14,7Y,3.91830
2016-09-14,8Y,3.92940
2016-09-14,9M,3.05300
2016-09-14,9Y,4.01460
2016-09-12,0D,2.69390
2016-09-12,10Y,4.07790
2016-09-12,14D,2.72530
2016-09-12,1M,2.93100
2016-09-12,1Y,3.07510
2016-09-12,2M,2.93980
2016-09-12,2Y,3.27990
2016-09-12,3M,2.95320
2016-09-12,3Y,3.32530
2016-09-12,4Y,3.55340
2016-09-12,5Y,3.68330
2016-09-12,6M,3.03500
2016-09-12,6Y,3.88080
2016-09-12,7D,2.71300
2016-09-12,7Y,3.95280
2016-09-12,8Y,3.96380
2016-09-12,9M,3.06270
2016-09-12,9Y,4.06410
2016-09-09,0D,2.68390
2016-09-09,10Y,4.06020
2016-09-09,14D,2.74620
2016-09-09,1M,2.89870
2016-09-09,1Y,3.05120
2016-09-09,2M,2.92810
2016-09-09,2Y,3.29560
2016-09-09,3M,2.97870
2016-09-09,3Y,3.30810
2016-09-09,4Y,3.55940
2016-09-09,5Y,3.69690
2016-09-09,6M,3.03150
2016-09-09,6Y,3.91540
2016-09-09,7D,2.71150
2016-09-09,7Y,3.96830
2016-09-09,8Y,3.98070
2016-09-09,9M,3.03880
2016-09-09,9Y,4.04780
2016-09-08,0D,2.67990
2016-09-08,10Y,4.07020
2016-09-08,14D,2.72290
2016-09-08,1M,2.85670
2016-09-08,1Y,3.06080
2016-09-08,2M,2.92690
2016-09-08,2Y,3.30530
2016-09-08,3M,2.97970
2016-09-08,3Y,3.32130
2016-09-08,4Y,3.60310
2016-09-08,5Y,3.74210
2016-09-08,6M,3.03000
2016-09-08,6Y,3.93700
2016-09-08,7D,2.69080
2016-09-08,7Y,3.98990
2016-09-08,8Y,4.00230
2016-09-08,9M,3.05120
2016-09-08,9Y,4.06780
2016-09-07,0D,2.69920
2016-09-07,10Y,4.07520
2016-09-07,14D,2.72130
2016-09-07,1M,2.85660
2016-09-07,1Y,3.08030
2016-09-07,2M,2.94280
2016-09-07,2Y,3.32260
2016-09-07,3M,2.98720
2016-09-07,3Y,3.34660
2016-09-07,4Y,3.61720
2016-09-07,5Y,3.76520
2016-09-07,6M,3.03880
2016-09-07,6Y,3.94920
2016-09-07,7D,2.70540
2016-09-07,7Y,4.00210
2016-09-07,8Y,4.01450
2016-09-07,9M,3.07040
2016-09-07,9Y,4.07290
2016-09-06,0D,2.69590
2016-09-06,10Y,4.06860
2016-09-06,14D,2.78040
2016-09-06,1M,2.86860
2016-09-06,1Y,3.05000
2016-09-06,2M,2.97430
2016-09-06,2Y,3.30530
2016-09-06,3M,2.98710
2016-09-06,3Y,3.34360
2016-09-06,4Y,3.61150
2016-09-06,5Y,3.75020
2016-09-06,6M,3.03870
2016-09-06,6Y,3.92900
2016-09-06,7D,2.72080
2016-09-06,7Y,3.98200
2016-09-06,8Y,3.98580
2016-09-06,9M,3.04900
2016-09-06,9Y,4.05420
2016-09-05,0D,2.68890
2016-09-05,10Y,4.07380
2016-09-05,14D,2.75100
2016-09-05,1M,2.88790
2016-09-05,1Y,3.00360
2016-09-05,2M,2.97650
2016-09-05,2Y,3.26060
2016-09-05,3M,2.99180
2016-09-05,3Y,3.30920
2016-09-05,4Y,3.59650
2016-09-05,5Y,3.73590
2016-09-05,6M,3.04490
2016-09-05,6Y,3.92450
2016-09-05,7D,2.73070
2016-09-05,7Y,3.97740
2016-09-05,8Y,3.98130
2016-09-05,9M,3.04740
2016-09-05,9Y,4.05950
2016-09-02,0D,2.68490
2016-09-02,10Y,4.06720
2016-09-02,14D,2.78720
2016-09-02,1M,2.93260
2016-09-02,1Y,3.06440
2016-09-02,2M,2.96380
2016-09-02,2Y,3.30830
2016-09-02,3M,2.96500
2016-09-02,3Y,3.33100
2016-09-02,4Y,3.60810
2016-09-02,5Y,3.74140
2016-09-02,6M,3.03390
2016-09-02,6Y,3.92130
2016-09-02,7D,2.72020
2016-09-02,7Y,3.97420
2016-09-02,8Y,3.97930
2016-09-02,9M,3.05210
2016-09-02,9Y,4.04280
2016-09-01,0D,2.66490
2016-09-01,10Y,4.07420
2016-09-01,14D,2.78110
2016-09-01,1M,2.90140
2016-09-01,1Y,3.07600
2016-09-01,2M,2.92660
2016-09-01,2Y,3.29950
2016-09-01,3M,2.96960
2016-09-01,3Y,3.32460
2016-09-01,4Y,3.62810
2016-09-01,5Y,3.74240
2016-09-01,6M,3.03450
2016-09-01,6Y,3.92700
2016-09-01,7D,2.73910
2016-09-01,7Y,3.97630
2016-09-01,8Y,3.98140
2016-09-01,9M,3.05230
2016-09-01,9Y,4.03800
2016-08-30,0D,2.76190
2016-08-30,10Y,4.12260
2016-08-30,14D,2.82580
2016-08-30,1M,2.93430
2016-08-30,1Y,3.07430
2016-08-30,2M,2.95420
2016-08-30,2Y,3.33740
2016-08-30,3M,2.96370
2016-08-30,3Y,3.38120
2016-08-30,4Y,3.66700
2016-08-30,5Y,3.76120
2016-08-30,6M,3.03410
2016-08-30,6Y,3.96950
2016-08-30,7D,2.78840
2016-08-30,7Y,4.01880
2016-08-30,8Y,4.02390
2016-08-30,9M,3.04050
2016-08-30,9Y,4.08360
2016-08-29,0D,2.79790
2016-08-29,10Y,4.11380
2016-08-29,14D,2.89150
2016-08-29,1M,2.91590
2016-08-29,1Y,3.05060
2016-08-29,2M,2.96700
2016-08-29,2Y,3.31740
2016-08-29,3M,2.97860
2016-08-29,3Y,3.38360
2016-08-29,4Y,3.63060
2016-08-29,5Y,3.73500
2016-08-29,6M,3.03440
2016-08-29,6Y,3.95190
2016-08-29,7D,2.84690
2016-08-29,7Y,4.00120
2016-08-29,8Y,4.00630
2016-08-29,9M,3.04000
2016-08-29,9Y,4.06610
2016-08-26,0D,2.79290
2016-08-26,10Y,4.10180
2016-08-26,14D,2.87540
2016-08-26,1M,2.91510
2016-08-26,1Y,3.05900
2016-08-26,2M,2.96620
2016-08-26,2Y,3.35880
2016-08-26,3M,2.99450
2016-08-26,3Y,3.40310
2016-08-26,4Y,3.63150
2016-08-26,5Y,3.73050
2016-08-26,6M,3.02470
2016-08-26,6Y,3.94700
2016-08-26,7D,2.86540
2016-08-26,7Y,3.99630
2016-08-26,8Y,4.00140
2016-08-26,9M,3.02550
2016-08-26,9Y,4.05400
2016-08-25,0D,2.79290
2016-08-25,10Y,4.09680
2016-08-25,14D,2.91080
2016-08-25,1M,2.92750
2016-08-25,1Y,3.06820
2016-08-25,2M,2.94060
2016-08-25,2Y,3.35610
2016-08-25,3M,3.04440
2016-08-25,3Y,3.39270
2016-08-25,4Y,3.65610
2016-08-25,5Y,3.72040
2016-08-25,6M,3.04520
2016-08-25,6Y,3.94940
2016-08-25,7D,2.88260
2016-08-25,7Y,3.99870
2016-08-25,8Y,4.00380
2016-08-25,9M,3.05180
2016-08-25,9Y,4.05650
2016-08-24,0D,2.70190
2016-08-24,10Y,4.09900
2016-08-24,14D,2.81250
2016-08-24,1M,2.86880
2016-08-24,1Y,3.06260
2016-08-24,2M,2.92500
2016-08-24,2Y,3.34340
2016-08-24,3M,2.98070
2016-08-24,3Y,3.39220
2016-08-24,4Y,3.61710
2016-08-24,5Y,3.71550
2016-08-24,6M,3.03100
2016-08-24,6Y,3.94810
2016-08-24,7D,2.72470
2016-08-24,7Y,3.99740
2016-08-24,8Y,4.00250
2016-08-24,9M,3.04120
2016-08-24,9Y,4.05510
2016-08-23,0D,2.60190
2016-08-23,10Y,4.08750
2016-08-23,14D,2.72010
2016-08-23,1M,2.76060
2016-08-23,1Y,3.03480
2016-08-23,2M,2.86590
2016-08-23,2Y,3.33180
2016-08-23,3M,2.92630
2016-08-23,3Y,3.35290
2016-08-23,4Y,3.58250
2016-08-23,5Y,3.69070
2016-08-23,6M,2.99960
2016-08-23,6Y,3.90870
2016-08-23,7D,2.62470
2016-08-23,7Y,3.96300
2016-08-23,8Y,3.96310
2016-08-23,9M,3.02070
2016-08-23,9Y,4.02170
2016-08-22,0D,2.64220
2016-08-22,10Y,4.07170
2016-08-22,14D,2.80220
2016-08-22,1M,2.81650
2016-08-22,1Y,3.03730
2016-08-22,2M,2.90730
2016-08-22,2Y,3.32140
2016-08-22,3M,2.96300
2016-08-22,3Y,3.31400
2016-08-22,4Y,3.59400
2016-08-22,5Y,3.71070
2016-08-22,6M,3.00040
2016-08-22,6Y,3.91120
2016-08-22,7D,2.68810
2016-08-22,7Y,3.96550
2016-08-22,8Y,3.96560
2016-08-22,9M,3.00550
2016-08-22,9Y,4.02420
2016-08-19,0D,2.61690
2016-08-19,10Y,4.08170
2016-08-19,14D,2.79060
2016-08-19,1M,2.81380
2016-08-19,1Y,3.00590
2016-08-19,2M,2.88430
2016-08-19,2Y,3.29350
2016-08-19,3M,2.95050
2016-08-19,3Y,3.33070
2016-08-19,4Y,3.55520
2016-08-19,5Y,3.67220
2016-08-19,6M,2.97070
2016-08-19,6Y,3.89700
2016-08-19,7D,2.66470
2016-08-19,7Y,3.96130
2016-08-19,8Y,3.96140
2016-08-19,9M,2.99130
2016-08-19,9Y,4.02000
2016-08-18,0D,2.59190
2016-08-18,10Y,4.10150
2016-08-18,14D,2.79510
2016-08-18,1M,2.80410
2016-08-18,1Y,2.99480
2016-08-18,2M,2.89460
2016-08-18,2Y,3.26510
2016-08-18,3M,2.95040
2016-08-18,3Y,3.33060
2016-08-18,4Y,3.55760
2016-08-18,5Y,3.66470
2016-08-18,6M,2.95560
2016-08-18,6Y,3.88820
2016-08-18,7D,2.66000
2016-08-18,7Y,3.95250
2016-08-18,8Y,3.98260
2016-08-18,9M,2.98640
2016-08-18,9Y,4.04120
2016-08-17,0D,2.58090
2016-08-17,10Y,4.11580
2016-08-17,14D,2.71330
2016-08-17,1M,2.79820
2016-08-17,1Y,2.94610
2016-08-17,2M,2.88640
2016-08-17,2Y,3.28780
2016-08-17,3M,2.89290
2016-08-17,3Y,3.32030
2016-08-17,4Y,3.55110
2016-08-17,5Y,3.65580
2016-08-17,6M,2.91120
2016-08-17,6Y,3.85150
2016-08-17,7D,2.70090
2016-08-17,7Y,3.94420
2016-08-17,8Y,4.01010
2016-08-17,9M,2.93600
2016-08-17,9Y,4.07970
2016-08-16,0D,2.63090
2016-08-16,10Y,4.10890
2016-08-16,14D,2.72770
2016-08-16,1M,2.84100
2016-08-16,1Y,2.99080
2016-08-16,2M,2.92620
2016-08-16,2Y,3.28430
2016-08-16,3M,2.95950
2016-08-16,3Y,3.34460
2016-08-16,4Y,3.55150
2016-08-16,5Y,3.65490
2016-08-16,6M,2.98460
2016-08-16,6Y,3.84830
2016-08-16,7D,2.69900
2016-08-16,7Y,3.94100
2016-08-16,8Y,4.01830
2016-08-16,9M,2.98350
2016-08-16,9Y,4.08370
2016-08-15,0D,2.63220
2016-08-15,10Y,4.12890
2016-08-15,14D,2.76030
2016-08-15,1M,2.85160
2016-08-15,1Y,3.01900
2016-08-15,2M,2.87500
2016-08-15,2Y,3.30270
2016-08-15,3M,2.97280
2016-08-15,3Y,3.37860
2016-08-15,4Y,3.56210
2016-08-15,5Y,3.64070
2016-08-15,6M,2.97970
2016-08-15,6Y,3.86120
2016-08-15,7D,2.74300
2016-08-15,7Y,3.95380
2016-08-15,8Y,4.03120
2016-08-15,9M,2.97850
2016-08-15,9Y,4.10160
2016-08-12,0D,2.62990
2016-08-12,10Y,4.17020
2016-08-12,14D,2.80750
2016-08-12,1M,2.84920
2016-08-12,1Y,3.04100
2016-08-12,2M,2.92210
2016-08-12,2Y,3.29140
2016-08-12,3M,2.97670
2016-08-12,3Y,3.42210
2016-08-12,4Y,3.58350
2016-08-12,5Y,3.70030
2016-08-12,6M,2.99910
2016-08-12,6Y,3.91170
2016-08-12,7D,2.76660
2016-08-12,7Y,4.00430
2016-08-12,8Y,4.08160
2016-08-12,9M,3.00010
2016-08-12,9Y,4.14960
2016-08-11,0D,2.62990
2016-08-11,10Y,4.21010
2016-08-11,14D,2.82430
2016-08-11,1M,2.84950
2016-08-11,1Y,3.02100
2016-08-11,2M,2.91760
2016-08-11,2Y,3.32330
2016-08-11,3M,2.97190
2016-08-11,3Y,3.44860
2016-08-11,4Y,3.61770
2016-08-11,5Y,3.74780
2016-08-11,6M,2.97650
2016-08-11,6Y,3.96370
2016-08-11,7D,2.76150
2016-08-11,7Y,4.05520
2016-08-11,8Y,4.13140
2016-08-11,9M,3.00140
2016-08-11,9Y,4.19070
2016-08-10,0D,2.57090
2016-08-10,10Y,4.24000
2016-08-10,14D,2.79670
2016-08-10,1M,2.82500
2016-08-10,1Y,3.03210
2016-08-10,2M,2.91720
2016-08-10,2Y,3.32290
2016-08-10,3M,2.97600
2016-08-10,3Y,3.45830
2016-08-10,4Y,3.62320
2016-08-10,5Y,3.75420
2016-08-10,6M,2.97010
2016-08-10,6Y,4.00390
2016-08-10,7D,2.72970
2016-08-10,7Y,4.09310
2016-08-10,8Y,4.16920
2016-08-10,9M,3.00170
2016-08-10,9Y,4.22860
2016-08-09,0D,2.58390
2016-08-09,10Y,4.28550
2016-08-09,14D,2.81160
2016-08-09,1M,2.84490
2016-08-09,1Y,3.01670
2016-08-09,2M,2.91870
2016-08-09,2Y,3.31450
2016-08-09,3M,2.94990
2016-08-09,3Y,3.47920
2016-08-09,4Y,3.64270
2016-08-09,5Y,3.78660
2016-08-09,6M,2.95580
2016-08-09,6Y,4.04280
2016-08-09,7D,2.74170
2016-08-09,7Y,4.12770
2016-08-09,8Y,4.20380
2016-08-09,9M,2.97650
2016-08-09,9Y,4.25880
2016-08-08,0D,2.57890
2016-08-08,10Y,4.31050
2016-08-08,14D,2.82650
2016-08-08,1M,2.83400
2016-08-08,1Y,3.02530
2016-08-08,2M,2.87660
2016-08-08,2Y,3.32860
2016-08-08,3M,2.91980
2016-08-08,3Y,3.47920
2016-08-08,4Y,3.65890
2016-08-08,5Y,3.79450
2016-08-08,6M,2.95310
2016-08-08,6Y,4.06130
2016-08-08,7D,2.74070
2016-08-08,7Y,4.15870
2016-08-08,8Y,4.23480
2016-08-08,9M,2.96490
2016-08-08,9Y,4.28380
2016-08-05,0D,2.62590
2016-08-05,10Y,4.35090
2016-08-05,14D,2.92650
2016-08-05,1M,2.93570
2016-08-05,1Y,3.08710
2016-08-05,2M,2.93010
2016-08-05,2Y,3.39730
2016-08-05,3M,3.00470
2016-08-05,3Y,3.52740
2016-08-05,4Y,3.71660
2016-08-05,5Y,3.84250
2016-08-05,6M,3.02300
2016-08-05,6Y,4.09380
2016-08-05,7D,2.79170
2016-08-05,7Y,4.18530
2016-08-05,8Y,4.26360
2016-08-05,9M,3.01970
2016-08-05,9Y,4.30720
2016-08-04,0D,2.62590
2016-08-04,10Y,4.35340
2016-08-04,14D,2.97650
2016-08-04,1M,2.94340
2016-08-04,1Y,3.11430
2016-08-04,2M,2.95460
2016-08-04,2Y,3.41290
2016-08-04,3M,3.00750
2016-08-04,3Y,3.54360
2016-08-04,4Y,3.73510
2016-08-04,5Y,3.84200
2016-08-04,6M,3.03860
2016-08-04,6Y,4.12330
2016-08-04,7D,2.79870
2016-08-04,7Y,4.18860
2016-08-04,8Y,4.27840
2016-08-04,9M,3.03090
2016-08-04,9Y,4.30970
2016-08-03,0D,2.62790
2016-08-03,10Y,4.35250
2016-08-03,14D,2.93250
2016-08-03,1M,2.93100
2016-08-03,1Y,3.11120
2016-08-03,2M,2.99880
2016-08-03,2Y,3.41710
2016-08-03,3M,3.01390
2016-08-03,3Y,3.54810
2016-08-03,4Y,3.73550
2016-08-03,5Y,3.85100
2016-08-03,6M,3.04550
2016-08-03,6Y,4.12340
2016-08-03,7D,2.80670
2016-08-03,7Y,4.19320
2016-08-03,8Y,4.27340
2016-08-03,9M,3.05320
2016-08-03,9Y,4.30880
2016-08-02,0D,2.63190
2016-08-02,10Y,4.37290
2016-08-02,14D,2.89630
2016-08-02,1M,2.94930
2016-08-02,1Y,3.12420
2016-08-02,2M,2.97440
2016-08-02,2Y,3.48050
2016-08-02,3M,2.98210
2016-08-02,3Y,3.59660
2016-08-02,4Y,3.79110
2016-08-02,5Y,3.90480
2016-08-02,6M,3.04080
2016-08-02,6Y,4.16280
2016-08-02,7D,2.81270
2016-08-02,7Y,4.24370
2016-08-02,8Y,4.29290
2016-08-02,9M,3.04850
2016-08-02,9Y,4.32920
2016-08-01,0D,2.63590
2016-08-01,10Y,4.38360
2016-08-01,14D,2.92150
2016-08-01,1M,2.94360
2016-08-01,1Y,3.14000
2016-08-01,2M,2.99330
2016-08-01,2Y,3.50350
2016-08-01,3M,2.99370
2016-08-01,3Y,3.61180
2016-08-01,4Y,3.80600
2016-08-01,5Y,3.90790
2016-08-01,6M,3.04520
2016-08-01,6Y,4.16940
2016-08-01,7D,2.81770
2016-08-01,7Y,4.26040
2016-08-01,8Y,4.29940
2016-08-01,9M,3.05860
2016-08-01,9Y,4.33700
2016-07-29,0D,2.69090
2016-07-29,10Y,4.40490
2016-07-29,14D,2.95990
2016-07-29,1M,2.97120
2016-07-29,1Y,3.14230
2016-07-29,2M,3.01010
2016-07-29,2Y,3.56120
2016-07-29,3M,2.99640
2016-07-29,3Y,3.66040
2016-07-29,4Y,3.85430
2016-07-29,5Y,3.95600
2016-07-29,6M,3.04770
2016-07-29,6Y,4.19840
2016-07-29,7D,2.85690
2016-07-29,7Y,4.28690
2016-07-29,8Y,4.32590
2016-07-29,9M,3.06110
2016-07-29,9Y,4.36350
2016-07-28,0D,2.75190
2016-07-28,10Y,4.42410
2016-07-28,14D,2.96520
2016-07-28,1M,3.00740
2016-07-28,1Y,3.17240
2016-07-28,2M,3.01900
2016-07-28,2Y,3.58390
2016-07-28,3M,3.03350
2016-07-28,3Y,3.69590
2016-07-28,4Y,3.88080
2016-07-28,5Y,3.98220
2016-07-28,6M,3.05480
2016-07-28,6Y,4.19930
2016-07-28,7D,2.88000
2016-07-28,7Y,4.30190
2016-07-28,8Y,4.34100
2016-07-28,9M,3.07870
2016-07-28,9Y,4.38270
2016-07-27,0D,2.86190
2016-07-27,10Y,4.44290
2016-07-27,14D,3.04780
2016-07-27,1M,3.04770
2016-07-27,1Y,3.25450
2016-07-27,2M,3.05310
2016-07-27,2Y,3.60540
2016-07-27,3M,3.10160
2016-07-27,3Y,3.74100
2016-07-27,4Y,3.93860
2016-07-27,5Y,4.03650
2016-07-27,6M,3.12960
2016-07-27,6Y,4.22080
2016-07-27,7D,2.99270
2016-07-27,7Y,4.32340
2016-07-27,8Y,4.36250
2016-07-27,9M,3.13710
2016-07-27,9Y,4.40150
2016-07-26,0D,2.86090
2016-07-26,10Y,4.44780
2016-07-26,14D,3.06280
2016-07-26,1M,3.07930
2016-07-26,1Y,3.28820
2016-07-26,2M,3.12250
2016-07-26,2Y,3.59480
2016-07-26,3M,3.12500
2016-07-26,3Y,3.73620
2016-07-26,4Y,3.94760
2016-07-26,5Y,4.03370
2016-07-26,6M,3.18500
2016-07-26,6Y,4.22190
2016-07-26,7D,2.98070
2016-07-26,7Y,4.32450
2016-07-26,8Y,4.36360
2016-07-26,9M,3.17690
2016-07-26,9Y,4.40260
2016-07-25,0D,2.85590
2016-07-25,10Y,4.45790
2016-07-25,14D,3.02730
2016-07-25,1M,3.09180
2016-07-25,1Y,3.27940
2016-07-25,2M,3.12560
2016-07-25,2Y,3.58950
2016-07-25,3M,3.15900
2016-07-25,3Y,3.70950
2016-07-25,4Y,3.94760
2016-07-25,5Y,4.03370
2016-07-25,6M,3.16180
2016-07-25,6Y,4.22730
2016-07-25,7D,2.96470
2016-07-25,7Y,4.33230
2016-07-25,8Y,4.37130
2016-07-25,9M,3.16450
2016-07-25,9Y,4.41270
2016-07-22,0D,2.80270
2016-07-22,10Y,4.46010
2016-07-22,14D,2.96930
2016-07-22,1M,3.02910
2016-07-22,1Y,3.31420
2016-07-22,2M,3.14710
2016-07-22,2Y,3.60960
2016-07-22,3M,3.15620
2016-07-22,3Y,3.73560
2016-07-22,4Y,3.95370
2016-07-22,5Y,4.04260
2016-07-22,6M,3.17950
2016-07-22,6Y,4.24040
2016-07-22,7D,2.90680
2016-07-22,7Y,4.33990
2016-07-22,8Y,4.37900
2016-07-22,9M,3.21400
2016-07-22,9Y,4.41490
2016-07-21,0D,2.73770
2016-07-21,10Y,4.46930
2016-07-21,14D,2.91830
2016-07-21,1M,2.97070
2016-07-21,1Y,3.30670
2016-07-21,2M,3.08530
2016-07-21,2Y,3.60500
2016-07-21,3M,3.08390
2016-07-21,3Y,3.73590
2016-07-21,4Y,3.96480
2016-07-21,5Y,4.03960
2016-07-21,6M,3.16950
2016-07-21,6Y,4.23980
2016-07-21,7D,2.84680
2016-07-21,7Y,4.34930
2016-07-21,8Y,4.38340
2016-07-21,9M,3.20380
2016-07-21,9Y,4.42100
2016-07-20,0D,2.76470
2016-07-20,10Y,4.55110
2016-07-20,14D,2.95030
2016-07-20,1M,3.00870
2016-07-20,1Y,3.31330
2016-07-20,2M,3.09530
2016-07-20,2Y,3.63600
2016-07-20,3M,3.13280
2016-07-20,3Y,3.75690
2016-07-20,4Y,4.00520
2016-07-20,5Y,4.06830
2016-07-20,6M,3.15650
2016-07-20,6Y,4.26410
2016-07-20,7D,2.87380
2016-07-20,7Y,4.37990
2016-07-20,8Y,4.43020
2016-07-20,9M,3.18590
2016-07-20,9Y,4.50280
2016-07-19,0D,2.76270
2016-07-19,10Y,4.58230
2016-07-19,14D,2.95530
2016-07-19,1M,3.00970
2016-07-19,1Y,3.39110
2016-07-19,2M,3.05720
2016-07-19,2Y,3.68060
2016-07-19,3M,3.10430
2016-07-19,3Y,3.75380
2016-07-19,4Y,4.04360
2016-07-19,5Y,4.12460
2016-07-19,6M,3.21280
2016-07-19,6Y,4.29440
2016-07-19,7D,2.87380
2016-07-19,7Y,4.41020
2016-07-19,8Y,4.46050
2016-07-19,9M,3.26680
2016-07-19,9Y,4.53310
2016-07-18,0D,2.75570
2016-07-18,10Y,4.61790
2016-07-18,14D,2.99070
2016-07-18,1M,3.05980
2016-07-18,1Y,3.46110
2016-07-18,2M,3.08300
2016-07-18,2Y,3.72890
2016-07-18,3M,3.12040
2016-07-18,3Y,3.80840
2016-07-18,4Y,4.03980
2016-07-18,5Y,4.14800
2016-07-18,6M,3.26700
2016-07-18,6Y,4.30450
2016-07-18,7D,2.87280
2016-07-18,7Y,4.43110
2016-07-18,8Y,4.49140
2016-07-18,9M,3.33210
2016-07-18,9Y,4.56410
2016-07-15,0D,2.75570
2016-07-15,10Y,4.63790
2016-07-15,14D,2.99570
2016-07-15,1M,3.03370
2016-07-15,1Y,3.45700
2016-07-15,2M,3.08290
2016-07-15,2Y,3.71160
2016-07-15,3M,3.13290
2016-07-15,3Y,3.80770
2016-07-15,4Y,4.02430
2016-07-15,5Y,4.16830
2016-07-15,6M,3.26850
2016-07-15,6Y,4.32240
2016-07-15,7D,2.87380
2016-07-15,7Y,4.44910
2016-07-15,8Y,4.50940
2016-07-15,9M,3.34390
2016-07-15,9Y,4.58200
2016-07-14,0D,2.75270
2016-07-14,10Y,4.66560
2016-07-14,14D,3.00570
2016-07-14,1M,3.01870
2016-07-14,1Y,3.57430
2016-07-14,2M,3.11510
2016-07-14,2Y,3.72450
2016-07-14,3M,3.19630
2016-07-14,3Y,3.81630
2016-07-14,4Y,4.03880
2016-07-14,5Y,4.18220
2016-07-14,6M,3.38940
2016-07-14,6Y,4.31780
2016-07-14,7D,2.80370
2016-07-14,7Y,4.45640
2016-07-14,8Y,4.51670
2016-07-14,9M,3.45590
2016-07-14,9Y,4.58930
2016-07-13,0D,2.85270
2016-07-13,10Y,4.66330
2016-07-13,14D,3.12070
2016-07-13,1M,3.15160
2016-07-13,1Y,3.62000
2016-07-13,2M,3.21430
2016-07-13,2Y,3.76230
2016-07-13,3M,3.27370
2016-07-13,3Y,3.83060
2016-07-13,4Y,4.03020
2016-07-13,5Y,4.16980
2016-07-13,6M,3.43720
2016-07-13,6Y,4.31050
2016-07-13,7D,2.90670
2016-07-13,7Y,4.44910
2016-07-13,8Y,4.50940
2016-07-13,9M,3.50090
2016-07-13,9Y,4.58200
2016-07-12,3M,3.29040
2016-07-12,3Y,3.83150
2016-07-12,4Y,4.03270
2016-07-12,5Y,4.15350
2016-07-12,6M,3.43720
2016-07-12,6Y,4.29490
2016-07-12,7D,2.85040
2016-07-12,7Y,4.43350
2016-07-12,8Y,4.49380
2016-07-12,9M,3.47160
2016-07-12,9Y,4.56640
2016-07-12,0D,2.80370
2016-07-12,10Y,4.64830
2016-07-12,14D,3.08530
2016-07-12,1M,3.13700
2016-07-12,1Y,3.58120
2016-07-12,2M,3.22990
2016-07-12,2Y,3.73770
2016-07-11,0D,2.84370
2016-07-11,10Y,4.67350
2016-07-11,14D,3.19990
2016-07-11,1M,3.22160
2016-07-11,1Y,3.57840
2016-07-11,2M,3.30690
2016-07-11,2Y,3.74810
2016-07-11,3M,3.34450
2016-07-11,3Y,3.83270
2016-07-11,4Y,4.02500
2016-07-11,5Y,4.15900
2016-07-11,6M,3.42370
2016-07-11,6Y,4.30130
2016-07-11,7D,2.98500
2016-07-11,7Y,4.45030
2016-07-11,8Y,4.51060
2016-07-11,9M,3.49560
2016-07-11,9Y,4.58250
2016-07-08,0D,2.97370
2016-07-08,10Y,4.66640
2016-07-08,14D,3.31510
2016-07-08,1M,3.33810
2016-07-08,1Y,3.56780
2016-07-08,2M,3.34410
2016-07-08,2Y,3.74560
2016-07-08,3M,3.39010
2016-07-08,3Y,3.81880
2016-07-08,4Y,4.01030
2016-07-08,5Y,4.14450
2016-07-08,6M,3.46350
2016-07-08,6Y,4.33060
2016-07-08,7D,3.10090
2016-07-08,7Y,4.46190
2016-07-08,8Y,4.52220
2016-07-08,9M,3.47240
2016-07-08,9Y,4.59420
2016-07-07,0D,2.97470
2016-07-07,10Y,4.71620
2016-07-07,14D,3.20750
2016-07-07,1M,3.32020
2016-07-07,1Y,3.57420
2016-07-07,2M,3.35230
2016-07-07,2Y,3.76370
2016-07-07,3M,3.38350
2016-07-07,3Y,3.84260
2016-07-07,4Y,4.01090
2016-07-07,5Y,4.16520
2016-07-07,6M,3.46340
2016-07-07,6Y,4.37580
2016-07-07,7D,3.04260
2016-07-07,7Y,4.50720
2016-07-07,8Y,4.56750
2016-07-07,9M,3.47880
2016-07-07,9Y,4.63940
2016-07-06,0D,3.08790
2016-07-06,10Y,4.76250
2016-07-06,14D,3.38860
2016-07-06,1M,3.45040
2016-07-06,1Y,3.66050
2016-07-06,2M,3.51720
2016-07-06,2Y,3.81970
2016-07-06,3M,3.52730
2016-07-06,3Y,3.89390
2016-07-06,4Y,4.04590
2016-07-06,5Y,4.21580
2016-07-06,6M,3.54990
2016-07-06,6Y,4.41640
2016-07-06,7D,3.14800
2016-07-06,7Y,4.54780
2016-07-06,8Y,4.61380
2016-07-06,9M,3.56500
2016-07-06,9Y,4.68560
2016-07-05,0D,3.09590
2016-07-05,10Y,4.77440
2016-07-05,14D,3.47620
2016-07-05,1M,3.47710
2016-07-05,1Y,3.66100
2016-07-05,2M,3.53390
2016-07-05,2Y,3.82020
2016-07-05,3M,3.53430
2016-07-05,3Y,3.89390
2016-07-05,4Y,4.05520
2016-07-05,5Y,4.21600
2016-07-05,6M,3.56480
2016-07-05,6Y,4.43320
2016-07-05,7D,3.15500
2016-07-05,7Y,4.56110
2016-07-05,8Y,4.62630
2016-07-05,9M,3.56600
2016-07-05,9Y,4.69750
2016-07-04,0D,3.03140
2016-07-04,10Y,4.78920
2016-07-04,14D,3.43860
2016-07-04,1M,3.47110
2016-07-04,1Y,3.67110
2016-07-04,2M,3.52790
2016-07-04,2Y,3.83130
2016-07-04,3M,3.55010
2016-07-04,3Y,3.89010
2016-07-04,4Y,4.05530
2016-07-04,5Y,4.21840
2016-07-04,6M,3.56980
2016-07-04,6Y,4.46560
2016-07-04,7D,3.20430
2016-07-04,7Y,4.58350
2016-07-04,8Y,4.64880
2016-07-04,9M,3.57510
2016-07-04,9Y,4.71990
2016-07-01,0D,3.16060
2016-07-01,10Y,4.80490
2016-07-01,14D,3.53120
2016-07-01,1M,3.52710
2016-07-01,1Y,3.73460
2016-07-01,2M,3.63000
2016-07-01,2Y,3.88420
2016-07-01,3M,3.63150
2016-07-01,3Y,3.93150
2016-07-01,4Y,4.12450
2016-07-01,5Y,4.27760
2016-07-01,6M,3.63070
2016-07-01,6Y,4.50340
2016-07-01,7D,3.33350
2016-07-01,7Y,4.62130
2016-07-01,8Y,4.68660
2016-07-01,9M,3.64410
2016-07-01,9Y,4.75770
2016-06-30,0D,3.18060
2016-06-30,10Y,4.82980
2016-06-30,14D,3.59980
2016-06-30,1M,3.60230
2016-06-30,1Y,3.77630
2016-06-30,2M,3.64940
2016-06-30,2Y,3.90840
2016-06-30,3M,3.65710
2016-06-30,3Y,3.98170
2016-06-30,4Y,4.17270
2016-06-30,5Y,4.30840
2016-06-30,6M,3.68970
2016-06-30,6Y,4.52360
2016-06-30,7D,3.40580
2016-06-30,7Y,4.64390
2016-06-30,8Y,4.70910
2016-06-30,9M,3.70330
2016-06-30,9Y,4.78030
2016-06-29,0D,3.16160
2016-06-29,10Y,4.84270
2016-06-29,14D,3.62990
2016-06-29,1M,3.60900
2016-06-29,1Y,3.76730
2016-06-29,2M,3.65780
2016-06-29,2Y,3.94970
2016-06-29,3M,3.65950
2016-06-29,3Y,4.02170
2016-06-29,4Y,4.21010
2016-06-29,5Y,4.35340
2016-06-29,6M,3.65710
2016-06-29,6Y,4.54670
2016-06-29,7D,3.42370
2016-06-29,7Y,4.66790
2016-06-29,8Y,4.73310
2016-06-29,9M,3.69040
2016-06-29,9Y,4.80430
2016-06-28,0D,3.10360
2016-06-28,10Y,4.82270
2016-06-28,14D,3.60170
2016-06-28,1M,3.62390
2016-06-28,1Y,3.75780
2016-06-28,2M,3.64180
2016-06-28,2Y,3.92240
2016-06-28,3M,3.66070
2016-06-28,3Y,4.01490
2016-06-28,4Y,4.18860
2016-06-28,5Y,4.32910
2016-06-28,6M,3.68370
2016-06-28,6Y,4.52970
2016-06-28,7D,3.35550
2016-06-28,7Y,4.64690
2016-06-28,8Y,4.71210
2016-06-28,9M,3.69870
2016-06-28,9Y,4.78330
2016-06-27,0D,3.00160
2016-06-27,10Y,4.82840
2016-06-27,14D,3.54710
2016-06-27,1M,3.60850
2016-06-27,1Y,3.77290
2016-06-27,2M,3.65860
2016-06-27,2Y,3.92790
2016-06-27,3M,3.65970
2016-06-27,3Y,4.01050
2016-06-27,4Y,4.20370
2016-06-27,5Y,4.33030
2016-06-27,6M,3.69840
2016-06-27,6Y,4.53080
2016-06-27,7D,3.23640
2016-06-27,7Y,4.64810
2016-06-27,8Y,4.71330
2016-06-27,9M,3.72340
2016-06-27,9Y,4.78440
2016-06-24,0D,2.99860
2016-06-24,10Y,4.86260
2016-06-24,14D,3.51290
2016-06-24,1M,3.61370
2016-06-24,1Y,3.78140
2016-06-24,2M,3.61500
2016-06-24,2Y,3.95630
2016-06-24,3M,3.65470
2016-06-24,3Y,4.03240
2016-06-24,4Y,4.25920
2016-06-24,5Y,4.38800
2016-06-24,6M,3.66260
2016-06-24,6Y,4.58520
2016-06-24,7D,3.23240
2016-06-24,7Y,4.69800
2016-06-24,8Y,4.75080
2016-06-24,9M,3.71430
2016-06-24,9Y,4.82190
2016-06-23,0D,2.99560
2016-06-23,10Y,4.90030
2016-06-23,14D,3.44150
2016-06-23,1M,3.60730
2016-06-23,1Y,3.80840
2016-06-23,2M,3.60790
2016-06-23,2Y,3.98270
2016-06-23,3M,3.67070
2016-06-23,3Y,4.05790
2016-06-23,4Y,4.26200
2016-06-23,5Y,4.42300
2016-06-23,6M,3.68990
2016-06-23,6Y,4.62230
2016-06-23,7D,3.21940
2016-06-23,7Y,4.73830
2016-06-23,8Y,4.79110
2016-06-23,9M,3.74670
2016-06-23,9Y,4.86530
2016-06-22,0D,3.04060
2016-06-22,10Y,4.90710
2016-06-22,14D,3.47450
2016-06-22,1M,3.65260
2016-06-22,1Y,3.85670
2016-06-22,2M,3.69150
2016-06-22,2Y,4.02510
2016-06-22,3M,3.73900
2016-06-22,3Y,4.09810
2016-06-22,4Y,4.28610
2016-06-22,5Y,4.43300
2016-06-22,6M,3.74040
2016-06-22,6Y,4.63720
2016-06-22,7D,3.26640
2016-06-22,7Y,4.74840
2016-06-22,8Y,4.80120
2016-06-22,9M,3.79610
2016-06-22,9Y,4.87210
2016-06-21,0D,3.03260
2016-06-21,10Y,4.92040
2016-06-21,14D,3.41270
2016-06-21,1M,3.63860
2016-06-21,1Y,3.84910
2016-06-21,2M,3.68900
2016-06-21,2Y,4.00510
2016-06-21,3M,3.72310
2016-06-21,3Y,4.11610
2016-06-21,4Y,4.28490
2016-06-21,5Y,4.45450
2016-06-21,6M,3.74780
2016-06-21,6Y,4.65460
2016-06-21,7D,3.26540
2016-06-21,7Y,4.76580
2016-06-21,8Y,4.81860
2016-06-21,9M,3.79650
2016-06-21,9Y,4.88540
2016-06-20,0D,3.04360
2016-06-20,10Y,4.91030
2016-06-20,14D,3.42570
2016-06-20,1M,3.61240
2016-06-20,1Y,3.85140
2016-06-20,2M,3.71240
2016-06-20,2Y,4.00420
2016-06-20,3M,3.73870
2016-06-20,3Y,4.12280
2016-06-20,4Y,4.28280
2016-06-20,5Y,4.44970
2016-06-20,6M,3.76240
2016-06-20,6Y,4.64720
2016-06-20,7D,3.28240
2016-06-20,7Y,4.75840
2016-06-20,8Y,4.81120
2016-06-20,9M,3.82070
2016-06-20,9Y,4.87540
2016-06-17,0D,3.03860
2016-06-17,10Y,4.91070
2016-06-17,14D,3.41970
2016-06-17,1M,3.62290
2016-06-17,1Y,3.85890
2016-06-17,2M,3.70850
2016-06-17,2Y,4.03410
2016-06-17,3M,3.73140
2016-06-17,3Y,4.12820
2016-06-17,4Y,4.28960
2016-06-17,5Y,4.45730
2016-06-17,6M,3.76240
2016-06-17,6Y,4.65120
2016-06-17,7D,3.27740
2016-06-17,7Y,4.75940
2016-06-17,8Y,4.81520
2016-06-17,9M,3.81170
2016-06-17,9Y,4.87580
2016-06-16,0D,3.03560
2016-06-16,10Y,4.94560
2016-06-16,14D,3.40770
2016-06-16,1M,3.58500
2016-06-16,1Y,3.88290
2016-06-16,2M,3.69280
2016-06-16,2Y,4.03600
2016-06-16,3M,3.73240
2016-06-16,3Y,4.13000
2016-06-16,4Y,4.31820
2016-06-16,5Y,4.45720
2016-06-16,6M,3.75090
2016-06-16,6Y,4.68970
2016-06-16,7D,3.27440
2016-06-16,7Y,4.79350
2016-06-16,8Y,4.84490
2016-06-16,9M,3.83930
2016-06-16,9Y,4.91570
2016-06-15,0D,3.03360
2016-06-15,10Y,4.94490
2016-06-15,14D,3.40670
2016-06-15,1M,3.57590
2016-06-15,1Y,3.88680
2016-06-15,2M,3.68480
2016-06-15,2Y,4.05720
2016-06-15,3M,3.73200
2016-06-15,3Y,4.15020
2016-06-15,4Y,4.31800
2016-06-15,5Y,4.44940
2016-06-15,6M,3.75090
2016-06-15,6Y,4.68240
2016-06-15,7D,3.27240
2016-06-15,7Y,4.78620
2016-06-15,8Y,4.83760
2016-06-15,9M,3.82260
2016-06-15,9Y,4.90130
2016-06-14,0D,3.03360
2016-06-14,10Y,4.95600
2016-06-14,14D,3.41270
2016-06-14,1M,3.57590
2016-06-14,1Y,3.90690
2016-06-14,2M,3.68280
2016-06-14,2Y,4.06920
2016-06-14,3M,3.72450
2016-06-14,3Y,4.17680
2016-06-14,4Y,4.33470
2016-06-14,5Y,4.47250
2016-06-14,6M,3.76090
2016-06-14,6Y,4.72050
2016-06-14,7D,3.27240
2016-06-14,7Y,4.81080
2016-06-14,8Y,4.85220
2016-06-14,9M,3.85880
2016-06-14,9Y,4.91240
2016-06-13,0D,3.03360
2016-06-13,10Y,4.98640
2016-06-13,14D,3.41870
2016-06-13,1M,3.53400
2016-06-13,1Y,3.88320
2016-06-13,2M,3.70910
2016-06-13,2Y,4.05820
2016-06-13,3M,3.72450
2016-06-13,3Y,4.19170
2016-06-13,4Y,4.37360
2016-06-13,5Y,4.50360
2016-06-13,6M,3.76050
2016-06-13,6Y,4.75030
2016-06-13,7D,3.27340
2016-06-13,7Y,4.84060
2016-06-13,8Y,4.88580
2016-06-13,9M,3.84070
2016-06-13,9Y,4.95190
2016-06-12,0D,3.06360
2016-06-12,10Y,5.00060
2016-06-12,14D,3.42270
2016-06-12,1M,3.46350
2016-06-12,1Y,3.86710
2016-06-12,2M,3.70390
2016-06-12,2Y,4.05810
2016-06-12,3M,3.71340
2016-06-12,3Y,4.18720
2016-06-12,4Y,4.35610
2016-06-12,5Y,4.52630
2016-06-12,6M,3.77090
2016-06-12,6Y,4.76580
2016-06-12,7D,3.27440
2016-06-12,7Y,4.85510
2016-06-12,8Y,4.90130
2016-06-12,9M,3.80850
2016-06-12,9Y,4.96110
2016-06-08,0D,3.09360
2016-06-08,10Y,5.00660
2016-06-08,14D,3.43370
2016-06-08,1M,3.45950
2016-06-08,1Y,3.87250
2016-06-08,2M,3.67960
2016-06-08,2Y,4.06140
2016-06-08,3M,3.72380
2016-06-08,3Y,4.18170
2016-06-08,4Y,4.34110
2016-06-08,5Y,4.51370
2016-06-08,6M,3.76180
2016-06-08,6Y,4.76390
2016-06-08,7D,3.27240
2016-06-08,7Y,4.85320
2016-06-08,8Y,4.91010
2016-06-08,9M,3.81800
2016-06-08,9Y,4.95660
2016-06-07,0D,3.09360
2016-06-07,10Y,5.00560
2016-06-07,14D,3.35100
2016-06-07,1M,3.49070
2016-06-07,1Y,3.87320
2016-06-07,2M,3.67610
2016-06-07,2Y,4.06210
2016-06-07,3M,3.69810
2016-06-07,3Y,4.18490
2016-06-07,4Y,4.38050
2016-06-07,5Y,4.51390
2016-06-07,6M,3.77160
2016-06-07,6Y,4.76810
2016-06-07,7D,3.30060
2016-06-07,7Y,4.85740
2016-06-07,8Y,4.91430
2016-06-07,9M,3.82110
2016-06-07,9Y,4.95560
2016-06-06,0D,3.09160
2016-06-06,10Y,5.00630
2016-06-06,14D,3.38990
2016-06-06,1M,3.52110
2016-06-06,1Y,3.88900
2016-06-06,2M,3.69180
2016-06-06,2Y,4.06590
2016-06-06,3M,3.72180
2016-06-06,3Y,4.17880
2016-06-06,4Y,4.38250
2016-06-06,5Y,4.51480
2016-06-06,6M,3.80150
2016-06-06,6Y,4.76890
2016-06-06,7D,3.29760
2016-06-06,7Y,4.85820
2016-06-06,8Y,4.91510
2016-06-06,9M,3.80930
2016-06-06,9Y,4.96630
2016-06-03,0D,3.10260
2016-06-03,10Y,5.01040
2016-06-03,14D,3.44840
2016-06-03,1M,3.53550
2016-06-03,1Y,3.91760
2016-06-03,2M,3.66250
2016-06-03,2Y,4.09780
2016-06-03,3M,3.69420
2016-06-03,3Y,4.20240
2016-06-03,4Y,4.41310
2016-06-03,5Y,4.49500
2016-06-03,6M,3.80030
2016-06-03,6Y,4.77710
2016-06-03,7D,3.30860
2016-06-03,7Y,4.85650
2016-06-03,8Y,4.91330
2016-06-03,9M,3.84060
2016-06-03,9Y,4.97050
2016-06-02,0D,3.07760
2016-06-02,10Y,4.99160
2016-06-02,14D,3.42440
2016-06-02,1M,3.49480
2016-06-02,1Y,3.94060
2016-06-02,2M,3.66820
2016-06-02,2Y,4.12430
2016-06-02,3M,3.75180
2016-06-02,3Y,4.21020
2016-06-02,4Y,4.43580
2016-06-02,5Y,4.48060
2016-06-02,6M,3.80100
2016-06-02,6Y,4.76660
2016-06-02,7D,3.28260
2016-06-02,7Y,4.84590
2016-06-02,8Y,4.90670
2016-06-02,9M,3.86020
2016-06-02,9Y,4.95160
2016-06-01,0D,3.07960
2016-06-01,10Y,5.00960
2016-06-01,14D,3.40850
2016-06-01,1M,3.52090
2016-06-01,1Y,3.92860
2016-06-01,2M,3.62560
2016-06-01,2Y,4.11430
2016-06-01,3M,3.74380
2016-06-01,3Y,4.19020
2016-06-01,4Y,4.42290
2016-06-01,5Y,4.49060
2016-06-01,6M,3.77850
2016-06-01,6Y,4.75140
2016-06-01,7D,3.27760
2016-06-01,7Y,4.83540
2016-06-01,8Y,4.90080
2016-06-01,9M,3.84620
2016-06-01,9Y,4.95160
2016-05-31,0D,3.13360
2016-05-31,10Y,5.02500
2016-05-31,14D,3.48530
2016-05-31,1M,3.54700
2016-05-31,1Y,3.91010
2016-05-31,2M,3.65540
2016-05-31,2Y,4.10100
2016-05-31,3M,3.73490
2016-05-31,3Y,4.19090
2016-05-31,4Y,4.40890
2016-05-31,5Y,4.46600
2016-05-31,6M,3.77000
2016-05-31,6Y,4.73660
2016-05-31,7D,3.27860
2016-05-31,7Y,4.82530
2016-05-31,8Y,4.89540
2016-05-31,9M,3.82750
2016-05-31,9Y,4.96700
2016-05-30,0D,3.12560
2016-05-30,10Y,5.02610
2016-05-30,14D,3.47110
2016-05-30,1M,3.54660
2016-05-30,1Y,3.90490
2016-05-30,2M,3.65240
2016-05-30,2Y,4.10420
2016-05-30,3M,3.73310
2016-05-30,3Y,4.16590
2016-05-30,4Y,4.38650
2016-05-30,5Y,4.44200
2016-05-30,6M,3.74020
2016-05-30,6Y,4.71580
2016-05-30,7D,3.27460
2016-05-30,7Y,4.80730
2016-05-30,8Y,4.88020
2016-05-30,9M,3.81920
2016-05-30,9Y,4.96820
2016-05-27,0D,3.12460
2016-05-27,10Y,5.02600
2016-05-27,14D,3.47210
2016-05-27,1M,3.54660
2016-05-27,1Y,3.92990
2016-05-27,2M,3.63110
2016-05-27,2Y,4.11710
2016-05-27,3M,3.73590
2016-05-27,3Y,4.18470
2016-05-27,4Y,4.38030
2016-05-27,5Y,4.43030
2016-05-27,6M,3.74910
2016-05-27,6Y,4.73450
2016-05-27,7D,3.27360
2016-05-27,7Y,4.81000
2016-05-27,8Y,4.88290
2016-05-27,9M,3.84080
2016-05-27,9Y,4.96800
2016-05-26,0D,3.12460
2016-05-26,10Y,5.01450
2016-05-26,14D,3.47010
2016-05-26,1M,3.48480
2016-05-26,1Y,3.90710
2016-05-26,2M,3.63330
2016-05-26,2Y,4.10450
2016-05-26,3M,3.73900
2016-05-26,3Y,4.18730
2016-05-26,4Y,4.37400
2016-05-26,5Y,4.45080
2016-05-26,6M,3.75280
2016-05-26,6Y,4.73250
2016-05-26,7D,3.27260
2016-05-26,7Y,4.80860
2016-05-26,8Y,4.88150
2016-05-26,9M,3.80770
2016-05-26,9Y,4.94460
2016-05-25,0D,3.12460
2016-05-25,10Y,5.01730
2016-05-25,14D,3.47410
2016-05-25,1M,3.48180
2016-05-25,1Y,3.87630
2016-05-25,2M,3.62470
2016-05-25,2Y,4.10200
2016-05-25,3M,3.72770
2016-05-25,3Y,4.18750
2016-05-25,4Y,4.36780
2016-05-25,5Y,4.45270
2016-05-25,6M,3.75300
2016-05-25,6Y,4.72430
2016-05-25,7D,3.27160
2016-05-25,7Y,4.80050
2016-05-25,8Y,4.87340
2016-05-25,9M,3.78850
2016-05-25,9Y,4.93450
2016-05-24,0D,3.16560
2016-05-24,10Y,5.04560
2016-05-24,14D,3.51310
2016-05-24,1M,3.52180
2016-05-24,1Y,3.88060
2016-05-24,2M,3.61030
2016-05-24,2Y,4.10140
2016-05-24,3M,3.72150
2016-05-24,3Y,4.21690
2016-05-24,4Y,4.35420
2016-05-24,5Y,4.44270
2016-05-24,6M,3.74150
2016-05-24,6Y,4.73710
2016-05-24,7D,3.31060
2016-05-24,7Y,4.82620
2016-05-24,8Y,4.89960
2016-05-24,9M,3.79800
2016-05-24,9Y,4.97070
2016-05-23,0D,3.12760
2016-05-23,10Y,5.05210
2016-05-23,14D,3.47410
2016-05-23,1M,3.48730
2016-05-23,1Y,3.82770
2016-05-23,2M,3.57620
2016-05-23,2Y,4.07710
2016-05-23,3M,3.66250
2016-05-23,3Y,4.20630
2016-05-23,4Y,4.36570
2016-05-23,5Y,4.43600
2016-05-23,6M,3.71030
2016-05-23,6Y,4.74500
2016-05-23,7D,3.27060
2016-05-23,7Y,4.82220
2016-05-23,8Y,4.90330
2016-05-23,9M,3.74470
2016-05-23,9Y,4.98220
2016-05-20,0D,3.15160
2016-05-20,10Y,5.05230
2016-05-20,14D,3.47290
2016-05-20,1M,3.51020
2016-05-20,1Y,3.85230
2016-05-20,2M,3.64470
2016-05-20,2Y,4.08290
2016-05-20,3M,3.68260
2016-05-20,3Y,4.21750
2016-05-20,4Y,4.37580
2016-05-20,5Y,4.44600
2016-05-20,6M,3.75990
2016-05-20,6Y,4.76080
2016-05-20,7D,3.36630
2016-05-20,7Y,4.81130
2016-05-20,8Y,4.89570
2016-05-20,9M,3.75380
2016-05-20,9Y,4.97780
2016-05-19,0D,3.15360
2016-05-19,10Y,5.02660
2016-05-19,14D,3.44650
2016-05-19,1M,3.55270
2016-05-19,1Y,3.84190
2016-05-19,2M,3.65920
2016-05-19,2Y,4.06270
2016-05-19,3M,3.71610
2016-05-19,3Y,4.18720
2016-05-19,4Y,4.37480
2016-05-19,5Y,4.44130
2016-05-19,6M,3.76840
2016-05-19,6Y,4.73380
2016-05-19,7D,3.36630
2016-05-19,7Y,4.80520
2016-05-19,8Y,4.87980
2016-05-19,9M,3.77400
2016-05-19,9Y,4.95210
2016-05-18,0D,3.15460
2016-05-18,10Y,4.99520
2016-05-18,14D,3.43620
2016-05-18,1M,3.51280
2016-05-18,1Y,3.84660
2016-05-18,2M,3.64520
2016-05-18,2Y,4.04890
2016-05-18,3M,3.71490
2016-05-18,3Y,4.16630
2016-05-18,4Y,4.36770
2016-05-18,5Y,4.41220
2016-05-18,6M,3.79250
2016-05-18,6Y,4.73400
2016-05-18,7D,3.32280
2016-05-18,7Y,4.78960
2016-05-18,8Y,4.84840
2016-05-18,9M,3.80360
2016-05-18,9Y,4.92070
2016-05-17,0D,3.15460
2016-05-17,10Y,4.97260
2016-05-17,14D,3.44290
2016-05-17,1M,3.48330
2016-05-17,1Y,3.82690
2016-05-17,2M,3.63010
2016-05-17,2Y,4.02950
2016-05-17,3M,3.69210
2016-05-17,3Y,4.17400
2016-05-17,4Y,4.38530
2016-05-17,5Y,4.41260
2016-05-17,6M,3.73570
2016-05-17,6Y,4.73440
2016-05-17,7D,3.28760
2016-05-17,7Y,4.77980
2016-05-17,8Y,4.85520
2016-05-17,9M,3.77800
2016-05-17,9Y,4.89630
2016-05-16,0D,3.14860
2016-05-16,10Y,4.99050
2016-05-16,14D,3.44390
2016-05-16,1M,3.48230
2016-05-16,1Y,3.84430
2016-05-16,2M,3.58750
2016-05-16,2Y,4.01830
2016-05-16,3M,3.61920
2016-05-16,3Y,4.16420
2016-05-16,4Y,4.37840
2016-05-16,5Y,4.43140
2016-05-16,6M,3.74980
2016-05-16,6Y,4.74860
2016-05-16,7D,3.22950
2016-05-16,7Y,4.79400
2016-05-16,8Y,4.86940
2016-05-16,9M,3.80400
2016-05-16,9Y,4.90590
2016-05-13,0D,3.14560
2016-05-13,10Y,4.98620
2016-05-13,14D,3.46970
2016-05-13,1M,3.50810
2016-05-13,1Y,3.81620
2016-05-13,2M,3.57460
2016-05-13,2Y,4.01040
2016-05-13,3M,3.62320
2016-05-13,3Y,4.15640
2016-05-13,4Y,4.34770
2016-05-13,5Y,4.45090
2016-05-13,6M,3.73480
2016-05-13,6Y,4.74130
2016-05-13,7D,3.26630
2016-05-13,7Y,4.79930
2016-05-13,8Y,4.86960
2016-05-13,9M,3.76530
2016-05-13,9Y,4.89350
2016-05-12,0D,3.12360
2016-05-12,10Y,4.98940
2016-05-12,14D,3.44360
2016-05-12,1M,3.49100
2016-05-12,1Y,3.80140
2016-05-12,2M,3.56660
2016-05-12,2Y,3.99330
2016-05-12,3M,3.63130
2016-05-12,3Y,4.18400
2016-05-12,4Y,4.37820
2016-05-12,5Y,4.44010
2016-05-12,6M,3.71910
2016-05-12,6Y,4.73900
2016-05-12,7D,3.28970
2016-05-12,7Y,4.79550
2016-05-12,8Y,4.87300
2016-05-12,9M,3.75280
2016-05-12,9Y,4.90390
2016-05-11,0D,3.12260
2016-05-11,10Y,5.02180
2016-05-11,14D,3.41320
2016-05-11,1M,3.50510
2016-05-11,1Y,3.76020
2016-05-11,2M,3.58260
2016-05-11,2Y,4.00360
2016-05-11,3M,3.61220
2016-05-11,3Y,4.17420
2016-05-11,4Y,4.40870
2016-05-11,5Y,4.47080
2016-05-11,6M,3.66100
2016-05-11,6Y,4.76740
2016-05-11,7D,3.30500
2016-05-11,7Y,4.82080
2016-05-11,8Y,4.89820
2016-05-11,9M,3.71860
2016-05-11,9Y,4.93600
2016-05-10,0D,3.12260
2016-05-10,10Y,5.02680
2016-05-10,14D,3.44230
2016-05-10,1M,3.57800
2016-05-10,1Y,3.75020
2016-05-10,2M,3.58050
2016-05-10,2Y,4.03380
2016-05-10,3M,3.61040
2016-05-10,3Y,4.18440
2016-05-10,4Y,4.41720
2016-05-10,5Y,4.48580
2016-05-10,6M,3.68880
2016-05-10,6Y,4.75960
2016-05-10,7D,3.31990
2016-05-10,7Y,4.82000
2016-05-10,8Y,4.89750
2016-05-10,9M,3.69340
2016-05-10,9Y,4.94230
2016-05-09,0D,3.12260
2016-05-09,10Y,5.07740
2016-05-09,14D,3.42810
2016-05-09,1M,3.53290
2016-05-09,1Y,3.76600
2016-05-09,2M,3.53890
2016-05-09,2Y,4.06320
2016-05-09,3M,3.58000
2016-05-09,3Y,4.19380
2016-05-09,4Y,4.45010
2016-05-09,5Y,4.53730
2016-05-09,6M,3.66950
2016-05-09,6Y,4.81300
2016-05-09,7D,3.23940
2016-05-09,7Y,4.86560
2016-05-09,8Y,4.95030
2016-05-09,9M,3.68880
2016-05-09,9Y,4.99230
2016-05-06,0D,3.10360
2016-05-06,10Y,5.10970
2016-05-06,14D,3.43590
2016-05-06,1M,3.51600
2016-05-06,1Y,3.78310
2016-05-06,2M,3.53270
2016-05-06,2Y,4.09670
2016-05-06,3M,3.56310
2016-05-06,3Y,4.25870
2016-05-06,4Y,4.49760
2016-05-06,5Y,4.59150
2016-05-06,6M,3.65420
2016-05-06,6Y,4.85440
2016-05-06,7D,3.22240
2016-05-06,7Y,4.88970
2016-05-06,8Y,4.97430
2016-05-06,9M,3.70580
2016-05-06,9Y,5.02410
2016-05-05,0D,3.08460
2016-05-05,10Y,5.11410
2016-05-05,14D,3.43320
2016-05-05,1M,3.47290
2016-05-05,1Y,3.75970
2016-05-05,2M,3.51990
2016-05-05,2Y,4.07740
2016-05-05,3M,3.55740
2016-05-05,3Y,4.26180
2016-05-05,4Y,4.49220
2016-05-05,5Y,4.59500
2016-05-05,6M,3.63090
2016-05-05,6Y,4.83320
2016-05-05,7D,3.20540
2016-05-05,7Y,4.88330
2016-05-05,8Y,4.97790
2016-05-05,9M,3.68250
2016-05-05,9Y,5.01690
2016-05-04,0D,3.05360
2016-05-04,10Y,5.10340
2016-05-04,14D,3.39640
2016-05-04,1M,3.47490
2016-05-04,1Y,3.77620
2016-05-04,2M,3.51780
2016-05-04,2Y,4.10250
2016-05-04,3M,3.56910
2016-05-04,3Y,4.31020
2016-05-04,4Y,4.52800
2016-05-04,5Y,4.60300
2016-05-04,6M,3.67720
2016-05-04,6Y,4.84140
2016-05-04,7D,3.22440
2016-05-04,7Y,4.87600
2016-05-04,8Y,4.97060
2016-05-04,9M,3.71340
2016-05-04,9Y,5.00220
2016-05-03,0D,3.00690
2016-05-03,10Y,5.10270
2016-05-03,14D,3.47230
2016-05-03,1M,3.49840
2016-05-03,1Y,3.73810
2016-05-03,2M,3.53980
2016-05-03,2Y,4.10850
2016-05-03,3M,3.57010
2016-05-03,3Y,4.31020
2016-05-03,4Y,4.50700
2016-05-03,5Y,4.60200
2016-05-03,6M,3.65140
2016-05-03,6Y,4.84050
2016-05-03,7D,3.25640
2016-05-03,7Y,4.87510
2016-05-03,8Y,4.96970
2016-05-03,9M,3.68820
2016-05-03,9Y,5.00140
2016-04-29,0D,3.05260
2016-04-29,10Y,5.12670
2016-04-29,14D,3.55520
2016-04-29,1M,3.57400
2016-04-29,1Y,3.78110
2016-04-29,2M,3.61540
2016-04-29,2Y,4.16240
2016-04-29,3M,3.63850
2016-04-29,3Y,4.35530
2016-04-29,4Y,4.51680
2016-04-29,5Y,4.61100
2016-04-29,6M,3.70170
2016-04-29,6Y,4.84660
2016-04-29,7D,3.30240
2016-04-29,7Y,4.90980
2016-04-29,8Y,4.99900
2016-04-29,9M,3.72040
2016-04-29,9Y,5.02520
2016-04-28,0D,3.05460
2016-04-28,10Y,5.13040
2016-04-28,14D,3.60960
2016-04-28,1M,3.61850
2016-04-28,1Y,3.76520
2016-04-28,2M,3.65990
2016-04-28,2Y,4.14670
2016-04-28,3M,3.67700
2016-04-28,3Y,4.33030
2016-04-28,4Y,4.51420
2016-04-28,5Y,4.60490
2016-04-28,6M,3.69360
2016-04-28,6Y,4.84540
2016-04-28,7D,3.31440
2016-04-28,7Y,4.90860
2016-04-28,8Y,4.99780
2016-04-28,9M,3.71220
2016-04-28,9Y,5.02400
2016-04-27,0D,3.05760
2016-04-27,10Y,5.17230
2016-04-27,14D,3.59320
2016-04-27,1M,3.64660
2016-04-27,1Y,3.81270
2016-04-27,2M,3.69750
2016-04-27,2Y,4.16550
2016-04-27,3M,3.69910
2016-04-27,3Y,4.37170
2016-04-27,4Y,4.55920
2016-04-27,5Y,4.63930
2016-04-27,6M,3.72600
2016-04-27,6Y,4.86800
2016-04-27,7D,3.29240
2016-04-27,7Y,4.93120
2016-04-27,8Y,5.03320
2016-04-27,9M,3.75330
2016-04-27,9Y,5.06090
2016-04-26,0D,3.09960
2016-04-26,10Y,5.19120
2016-04-26,14D,3.56720
2016-04-26,1M,3.63890
2016-04-26,1Y,3.78470
2016-04-26,2M,3.63730
2016-04-26,2Y,4.14550
2016-04-26,3M,3.66520
2016-04-26,3Y,4.36000
2016-04-26,4Y,4.53140
2016-04-26,5Y,4.69240
2016-04-26,6M,3.70290
2016-04-26,6Y,4.89900
2016-04-26,7D,3.21740
2016-04-26,7Y,4.96220
2016-04-26,8Y,5.06420
2016-04-26,9M,3.74730
2016-04-26,9Y,5.08980
2016-04-25,0D,3.20860
2016-04-25,10Y,5.18930
2016-04-25,14D,3.55920
2016-04-25,1M,3.61870
2016-04-25,1Y,3.78250
2016-04-25,2M,3.63140
2016-04-25,2Y,4.07520
2016-04-25,3M,3.70330
2016-04-25,3Y,4.32930
2016-04-25,4Y,4.50090
2016-04-25,5Y,4.67010
2016-04-25,6M,3.73250
2016-04-25,6Y,4.88530
2016-04-25,7D,3.21840
2016-04-25,7Y,4.96240
2016-04-25,8Y,5.06440
2016-04-25,9M,3.76620
2016-04-25,9Y,5.08390
2016-04-22,0D,3.20160
2016-04-22,10Y,5.12060
2016-04-22,14D,3.54220
2016-04-22,1M,3.60360
2016-04-22,1Y,3.68020
2016-04-22,2M,3.61540
2016-04-22,2Y,3.99810
2016-04-22,3M,3.65790
2016-04-22,3Y,4.17840
2016-04-22,4Y,4.38370
2016-04-22,5Y,4.54590
2016-04-22,6M,3.66570
2016-04-22,6Y,4.74960
2016-04-22,7D,3.21040
2016-04-22,7Y,4.88120
2016-04-22,8Y,4.98320
2016-04-22,9M,3.67610
2016-04-22,9Y,5.05730
2016-04-21,0D,3.19260
2016-04-21,10Y,5.08430
2016-04-21,14D,3.52920
2016-04-21,1M,3.60340
2016-04-21,1Y,3.60580
2016-04-21,2M,3.58410
2016-04-21,2Y,3.91720
2016-04-21,3M,3.60040
2016-04-21,3Y,4.09560
2016-04-21,4Y,4.29630
2016-04-21,5Y,4.45160
2016-04-21,6M,3.60850
2016-04-21,6Y,4.70950
2016-04-21,7D,3.28490
2016-04-21,7Y,4.83300
2016-04-21,8Y,4.93500
2016-04-21,9M,3.60390
2016-04-21,9Y,5.02100
2016-04-20,0D,3.04160
2016-04-20,10Y,4.98640
2016-04-20,14D,3.37320
2016-04-20,1M,3.36530
2016-04-20,1Y,3.48940
2016-04-20,2M,3.40700
2016-04-20,2Y,3.86720
2016-04-20,3M,3.43980
2016-04-20,3Y,3.98740
2016-04-20,4Y,4.23480
2016-04-20,5Y,4.42160
2016-04-20,6M,3.44140
2016-04-20,6Y,4.65000
2016-04-20,7D,3.13490
2016-04-20,7Y,4.77350
2016-04-20,8Y,4.87550
2016-04-20,9M,3.45220
2016-04-20,9Y,4.93190
2016-04-19,0D,2.96760
2016-04-19,10Y,4.94340
2016-04-19,14D,3.24310
2016-04-19,1M,3.30550
2016-04-19,1Y,3.43820
2016-04-19,2M,3.31620
2016-04-19,2Y,3.79710
2016-04-19,3M,3.42770
2016-04-19,3Y,3.93040
2016-04-19,4Y,4.20580
2016-04-19,5Y,4.37750
2016-04-19,6M,3.39920
2016-04-19,6Y,4.61500
2016-04-19,7D,2.95100
2016-04-19,7Y,4.73850
2016-04-19,8Y,4.84050
2016-04-19,9M,3.40370
2016-04-19,9Y,4.90190
2016-04-18,0D,2.91160
2016-04-18,10Y,4.95610
2016-04-18,14D,3.18740
2016-04-18,1M,3.29050
2016-04-18,1Y,3.39820
2016-04-18,2M,3.29900
2016-04-18,2Y,3.75240
2016-04-18,3M,3.34970
2016-04-18,3Y,3.90500
2016-04-18,4Y,4.16810
2016-04-18,5Y,4.33980
2016-04-18,6M,3.34950
2016-04-18,6Y,4.61390
2016-04-18,7D,2.98360
2016-04-18,7Y,4.74240
2016-04-18,8Y,4.84560
2016-04-18,9M,3.38250
2016-04-18,9Y,4.89660
