1997/8/5,0.107999
1997/8/6,0.10609
1997/8/7,0.104352
1997/8/8,0.102771
1997/8/11,0.101332
1997/8/12,0.100022
1997/8/13,0.098831
1997/8/14,0.097746
1997/8/15,0.09676
1997/8/18,0.095862
1997/8/19,0.095044
1997/8/20,0.094301
1997/8/21,0.093624
1997/8/22,0.093008
1997/8/25,0.092448
1997/8/26,0.091938
1997/8/27,0.091474
1997/8/28,0.091052
1997/8/29,0.090667
1997/9/1,0.090318
1997/9/2,0.09
1997/10/28,0.090127
1997/10/29,0.090243
1997/10/30,0.090348
1997/10/31,0.08968
1997/11/3,0.089072
1997/11/4,0.088519
1997/11/5,0.088016
1997/11/6,0.087558
1997/11/7,0.087141
1997/11/10,0.086762
1997/11/11,0.086417
1997/11/12,0.08623
1997/11/13,0.08606
1997/11/14,0.085905
1997/11/17,0.085765
1997/11/18,0.085637
1997/11/19,0.085552
1997/11/20,0.085475
1997/11/21,0.085405
1997/11/24,0.085309
1997/11/25,0.085202
1997/11/26,0.08513
1997/11/27,0.085063
1997/11/28,0.085119
1997/12/1,0.085169
1997/12/2,0.085215
1997/12/3,0.085257
1997/12/4,0.085295
1997/12/5,0.086388
1997/12/8,0.087382
1997/12/9,0.088287
1997/12/10,0.089091
1997/12/11,0.089823
1997/12/12,0.090489
1997/12/15,0.091095
1997/12/16,0.091647
1997/12/17,0.092144
1997/12/18,0.092596
1997/12/19,0.093008
1997/12/22,0.093387
1997/12/23,0.093732
1997/12/24,0.094043
1997/12/25,0.094325
1997/12/26,0.094582
1997/12/29,0.094816
1997/12/30,0.095029
1997/12/31,0.095223
1998/1/4,0.095399
1998/1/9,0.09419
1998/1/12,0.093323
1998/1/13,0.092301
1998/1/14,0.091625
1998/1/15,0.09101
1998/1/16,0.09045
1998/1/19,0.089941
1998/1/20,0.089477
1998/1/21,0.089013
1998/1/22,0.088591
1998/1/23,0.088312
1998/1/24,0.088059
1998/1/25,0.087828
1998/1/26,0.087619
1998/1/27,0.087428
1998/2/4,0.087254
1998/2/5,0.087096
1998/2/6,0.086952
1998/2/9,0.086821
1998/2/10,0.086702
1998/2/11,0.086777
1998/2/12,0.086683
1998/2/13,0.086632
1998/2/16,0.086548
1998/2/17,0.086566
1998/2/18,0.086509
1998/2/19,0.086435
1998/2/20,0.086368
1998/2/23,0.086314
1998/2/24,0.086264
1998/2/25,0.086203
1998/2/26,0.086148
1998/2/27,0.086097
1998/3/2,0.086051
1998/3/3,0.086009
1998/3/4,0.085971
1998/3/5,0.085936
1998/3/6,0.086032
1998/3/9,0.086119
1998/3/10,0.086198
1998/3/11,0.086207
1998/3/12,0.086234
1998/3/13,0.086258
1998/3/16,0.086281
1998/3/17,0.086286
1998/3/18,0.086303
1998/3/19,0.086321
1998/3/20,0.086338
1998/3/23,0.086353
1998/3/24,0.086303
1998/3/25,0.086258
1998/3/26,0.086217
1998/3/27,0.086179
1998/3/30,0.086145
1998/3/31,0.084459
1998/4/1,0.082925
1998/4/2,0.081528
1998/4/3,0.080239
1998/4/6,0.079256
1998/4/7,0.078361
1998/4/8,0.077557
1998/4/9,0.076825
1998/4/10,0.076159
1998/4/13,0.075553
1998/4/14,0.075002
1998/4/15,0.0745
1998/4/16,0.074043
1998/4/17,0.073628
1998/4/20,0.073249
1998/4/21,0.072363
1998/4/22,0.071557
1998/4/23,0.071838
1998/4/24,0.072094
1998/4/27,0.072326
1998/4/28,0.072789
1998/4/29,0.07321
1998/4/30,0.073593
1998/5/4,0.073942
1998/5/5,0.07423
1998/5/6,0.074493
1998/5/7,0.074732
1998/5/8,0.074949
1998/5/11,0.075147
1998/5/12,0.075326
1998/5/13,0.07549
1998/5/14,0.074497
1998/5/15,0.073593
1998/5/18,0.072771
1998/5/19,0.072023
1998/5/20,0.071425
1998/5/21,0.070882
1998/5/22,0.070233
1998/5/25,0.069672
1998/5/26,0.069162
1998/5/27,0.068698
1998/5/28,0.068276
1998/5/29,0.067892
1998/6/1,0.067542
1998/6/2,0.067223
1998/6/3,0.066934
1998/6/4,0.06667
1998/6/5,0.06643
1998/6/8,0.066212
1998/6/9,0.066013
1998/6/10,0.065833
1998/6/11,0.065841
1998/6/12,0.065849
1998/6/15,0.065857
1998/6/16,0.065863
1998/6/17,0.065869
1998/6/18,0.065875
1998/6/19,0.065879
1998/6/22,0.066051
1998/6/23,0.065943
1998/6/24,0.066268
1998/6/25,0.06614
1998/6/26,0.066023
1998/6/29,0.065917
1998/6/30,0.06582
1998/7/1,0.065732
1998/7/2,0.065652
1998/7/3,0.065579
1998/7/6,0.065513
1998/7/7,0.065452
1998/7/8,0.065397
1998/7/9,0.065347
1998/7/10,0.065302
1998/7/13,0.065261
1998/7/14,0.064162
1998/7/15,0.063162
1998/7/16,0.062253
1998/7/17,0.061319
1998/7/20,0.060825
1998/7/21,0.060087
1998/7/22,0.059335
1998/7/23,0.058715
1998/7/24,0.05815
1998/7/27,0.058077
1998/7/28,0.057852
1998/7/29,0.057487
1998/7/30,0.057155
1998/7/31,0.056853
1998/8/3,0.056314
1998/8/4,0.055822
1998/8/5,0.055375
1998/8/6,0.054947
1998/8/7,0.054558
1998/8/10,0.054203
1998/8/11,0.05393
1998/8/12,0.053467
1998/8/13,0.053085
1998/8/14,0.053274
1998/8/17,0.052867
1998/8/18,0.052961
1998/8/19,0.052835
1998/8/20,0.052938
1998/8/21,0.052823
1998/8/24,0.052326
1998/8/25,0.051898
1998/8/26,0.05132
1998/8/27,0.050795
1998/8/28,0.050316
1998/8/31,0.050611
1998/9/1,0.050879
1998/9/2,0.051123
1998/9/3,0.050987
1998/9/4,0.050535
1998/9/7,0.050017
1998/9/8,0.049563
1998/9/9,0.049713
1998/9/10,0.049843
1998/9/11,0.049883
1998/9/14,0.050316
1998/9/15,0.050075
1998/9/16,0.049888
1998/9/17,0.049875
1998/9/18,0.049535
1998/9/21,0.049275
1998/9/22,0.049038
1998/9/23,0.048854
1998/9/24,0.048687
1998/9/25,0.048535
1998/9/28,0.048293
1998/9/29,0.0484
1998/9/30,0.048499
1998/10/5,0.048643
1998/10/6,0.048824
1998/10/7,0.048702
1998/10/8,0.048592
1998/10/9,0.048596
1998/10/12,0.048494
1998/10/13,0.048348
1998/10/14,0.048167
1998/10/15,0.047994
1998/10/16,0.047996
1998/10/19,0.047968
1998/10/20,0.047891
1998/10/21,0.047811
1998/10/22,0.047727
1998/10/23,0.047711
1998/10/26,0.047541
1998/10/27,0.047513
1998/10/28,0.047467
1998/10/29,0.047375
1998/10/30,0.047291
1998/11/2,0.047215
1998/11/3,0.04704
1998/11/4,0.047098
1998/11/5,0.047139
1998/11/6,0.047168
1998/11/9,0.047179
1998/11/10,0.047198
1998/11/11,0.047214
1998/11/12,0.04701
1998/11/13,0.046893
1998/11/16,0.046832
1998/11/17,0.046845
1998/11/18,0.046725
1998/11/19,0.046617
1998/11/20,0.046463
1998/11/23,0.046334
1998/11/24,0.046232
1998/11/25,0.046121
1998/11/26,0.045924
1998/11/27,0.045745
1998/11/30,0.045582
1998/12/1,0.045514
1998/12/2,0.045383
1998/12/3,0.045266
1998/12/4,0.045156
1998/12/7,0.045152
1998/12/8,0.04461
1998/12/9,0.044161
1998/12/10,0.043755
1998/12/11,0.043373
1998/12/14,0.042996
1998/12/15,0.042646
1998/12/16,0.042315
1998/12/17,0.042015
1998/12/18,0.041793
1998/12/21,0.041554
1998/12/22,0.04137
1998/12/23,0.041204
1998/12/24,0.041078
1998/12/25,0.040964
1998/12/28,0.040835
1998/12/29,0.040733
1998/12/30,0.040678
1998/12/31,0.040596
1999/1/4,0.040479
1999/1/5,0.040369
1999/1/6,0.040382
1999/1/7,0.040388
1999/1/8,0.040398
1999/1/11,0.040407
1999/1/12,0.040419
1999/1/13,0.040429
1999/1/14,0.040535
1999/1/15,0.04054
1999/1/18,0.040537
1999/1/19,0.040541
1999/1/20,0.040539
1999/1/21,0.040505
1999/1/22,0.040473
1999/1/25,0.040443
1999/1/26,0.04042
1999/1/27,0.040395
1999/1/28,0.040368
1999/1/29,0.040344
1999/2/1,0.040328
1999/2/2,0.040317
1999/2/3,0.0403
1999/2/4,0.040286
1999/2/5,0.040273
1999/2/8,0.040262
1999/2/9,0.040251
1999/2/10,0.040275
1999/2/11,0.040282
1999/2/12,0.040303
1999/2/15,0.040347
1999/2/23,0.040387
1999/2/24,0.040344
1999/2/25,0.04031
1999/2/26,0.0403
1999/3/1,0.040333
1999/3/2,0.040321
1999/3/3,0.040317
1999/3/4,0.040307
1999/3/5,0.040314
1999/3/8,0.040304
1999/3/9,0.0403
1999/3/10,0.040291
1999/3/11,0.040314
1999/3/12,0.040408
1999/3/15,0.040453
1999/3/16,0.040494
1999/3/17,0.040545
1999/3/18,0.040593
1999/3/19,0.040616
1999/3/22,0.040633
1999/3/23,0.040607
1999/3/24,0.040605
1999/3/25,0.040604
1999/3/26,0.040567
1999/3/29,0.04056
1999/3/30,0.040559
1999/3/31,0.040557
1999/4/2,0.040554
1999/4/6,0.040553
1999/4/8,0.040548
1999/4/9,0.040533
1999/4/12,0.040525
1999/4/13,0.040518
1999/4/14,0.040477
1999/4/15,0.040439
1999/4/16,0.04044
1999/4/19,0.040424
1999/4/20,0.040433
1999/4/21,0.04042
1999/4/22,0.040427
1999/4/23,0.040438
1999/4/26,0.040412
1999/4/27,0.040388
1999/4/28,0.040366
1999/4/29,0.040346
1999/4/30,0.040352
1999/5/4,0.040333
1999/5/5,0.040316
1999/5/6,0.040301
1999/5/7,0.040266
1999/5/10,0.040234
1999/5/11,0.040213
1999/5/12,0.040207
1999/5/13,0.040206
1999/5/14,0.040197
1999/5/17,0.040178
1999/5/18,0.040157
1999/5/19,0.040156
1999/5/20,0.040158
1999/5/21,0.040135
1999/5/24,0.040115
1999/5/25,0.040113
1999/5/26,0.04011
1999/5/27,0.040103
1999/5/28,0.04009
1999/5/31,0.040075
1999/6/1,0.040059
1999/6/2,0.040056
1999/6/3,0.040053
1999/6/4,0.039999
1999/6/7,0.039893
1999/6/8,0.039866
1999/6/9,0.039875
1999/6/10,0.039777
1999/6/11,0.038448
1999/6/14,0.037237
1999/6/15,0.036106
1999/6/16,0.035074
1999/6/17,0.034135
1999/6/18,0.033284
1999/6/21,0.032509
1999/6/22,0.031802
1999/6/23,0.031159
1999/6/24,0.030575
1999/6/25,0.030044
1999/6/28,0.029542
1999/6/29,0.029105
1999/6/30,0.028705
1999/7/1,0.028323
1999/7/2,0.028013
1999/7/5,0.027723
1999/7/6,0.027436
1999/7/7,0.027167
1999/7/8,0.026929
1999/7/9,0.026902
1999/7/12,0.026853
1999/7/13,0.02682
1999/7/14,0.026806
1999/7/15,0.026745
1999/7/16,0.026683
1999/7/19,0.026659
1999/7/20,0.026626
1999/7/21,0.026566
1999/7/22,0.026531
1999/7/23,0.026488
1999/7/26,0.026448
1999/7/27,0.026406
1999/7/28,0.026377
1999/7/29,0.026347
1999/7/30,0.026322
1999/8/2,0.026299
1999/8/3,0.026281
1999/8/4,0.026264
1999/8/5,0.026242
1999/8/6,0.026222
1999/8/9,0.026214
1999/8/10,0.026204
1999/8/11,0.026185
1999/8/12,0.026175
1999/8/13,0.026163
1999/8/16,0.026151
1999/8/17,0.026126
1999/8/18,0.026102
1999/8/19,0.026077
1999/8/20,0.026059
1999/8/23,0.026034
1999/8/24,0.026009
1999/8/25,0.025984
1999/8/26,0.025961
1999/8/27,0.02594
1999/8/30,0.025921
1999/8/31,0.025905
1999/9/1,0.025889
1999/9/2,0.025876
1999/9/3,0.025864
1999/9/6,0.025851
1999/9/7,0.025841
1999/9/8,0.025832
1999/9/9,0.025824
1999/9/10,0.025818
1999/9/13,0.025811
1999/9/14,0.025818
1999/9/16,0.025815
1999/9/17,0.025812
1999/9/20,0.02581
1999/9/21,0.025809
1999/9/22,0.025813
1999/9/23,0.025811
1999/9/24,0.02581
1999/9/27,0.025815
1999/9/28,0.025813
1999/9/29,0.025805
1999/9/30,0.025797
1999/10/8,0.025734
1999/10/9,0.02574
1999/10/10,0.025745
1999/10/11,0.02575
1999/10/12,0.025755
1999/10/13,0.025759
1999/10/14,0.025762
1999/10/15,0.02577
1999/10/18,0.025783
1999/10/19,0.025793
1999/10/20,0.025803
1999/10/21,0.025804
1999/10/22,0.025809
1999/10/25,0.025819
1999/10/26,0.025828
1999/10/27,0.025836
1999/10/28,0.025837
1999/10/29,0.025832
1999/11/1,0.025811
1999/11/3,0.025814
1999/11/4,0.025813
1999/11/5,0.02581
1999/11/8,0.025808
1999/11/9,0.025797
1999/11/10,0.025788
1999/11/11,0.025789
1999/11/12,0.025788
1999/11/16,0.025789
1999/11/19,0.025782
1999/11/22,0.02578
1999/11/23,0.025781
1999/11/24,0.025777
1999/11/25,0.025778
1999/11/26,0.02578
1999/11/29,0.025777
1999/11/30,0.025779
1999/12/1,0.025771
1999/12/2,0.025763
1999/12/3,0.025765
1999/12/6,0.025751
1999/12/7,0.025741
1999/12/8,0.025727
1999/12/9,0.025723
1999/12/10,0.025719
1999/12/13,0.025705
1999/12/14,0.025701
1999/12/15,0.025699
1999/12/16,0.0257
1999/12/21,0.025688
1999/12/22,0.02568
1999/12/23,0.025675
1999/12/24,0.025678
1999/12/28,0.025683
1999/12/29,0.025705
1999/12/30,0.025704
1999/12/31,0.025707
2000/1/3,0.025707
2000/1/4,0.025711
2000/1/5,0.025713
2000/1/6,0.025709
2000/1/7,0.025705
2000/1/10,0.025715
2000/1/11,0.025705
2000/1/12,0.025694
2000/1/13,0.025684
2000/1/14,0.025668
2000/1/17,0.025661
2000/1/18,0.025666
2000/1/19,0.025649
2000/1/20,0.025633
2000/1/21,0.025617
2000/1/24,0.0256
2000/1/25,0.025588
2000/1/26,0.025523
2000/1/27,0.025474
2000/1/28,0.025436
2000/1/31,0.025403
2000/2/1,0.02537
2000/2/2,0.025325
2000/2/3,0.025285
2000/2/4,0.025248
2000/2/12,0.025213
2000/2/13,0.025243
2000/2/14,0.025286
2000/2/15,0.025273
2000/2/16,0.02522
2000/2/17,0.025195
2000/2/18,0.02518
2000/2/21,0.025168
2000/2/22,0.025161
2000/2/23,0.025149
2000/2/24,0.025139
2000/2/25,0.025113
2000/2/28,0.025095
2000/2/29,0.025077
2000/3/1,0.025052
2000/3/2,0.025024
2000/3/3,0.024998
2000/3/6,0.024977
2000/3/7,0.024958
2000/3/8,0.024942
2000/3/9,0.024919
2000/3/10,0.024889
2000/3/13,0.024852
2000/3/14,0.024828
2000/3/15,0.024796
2000/3/16,0.024764
2000/3/17,0.02473
2000/3/20,0.024701
2000/3/21,0.024671
2000/3/22,0.024643
2000/3/23,0.024618
2000/3/24,0.024591
2000/3/27,0.024568
2000/3/28,0.024539
2000/3/29,0.024518
2000/3/30,0.024497
2000/3/31,0.024482
2000/4/3,0.024448
2000/4/4,0.024425
2000/4/5,0.024408
2000/4/6,0.024387
2000/4/7,0.02437
2000/4/10,0.024353
2000/4/11,0.024334
2000/4/12,0.024318
2000/4/13,0.024302
2000/4/14,0.024295
2000/4/17,0.02428
2000/4/18,0.024265
2000/4/19,0.024255
2000/4/20,0.024244
2000/4/21,0.024237
2000/4/24,0.024227
2000/4/25,0.024215
2000/4/26,0.024203
2000/4/27,0.024173
2000/4/28,0.024154
2000/4/29,0.024136
2000/4/30,0.024098
2000/5/8,0.024063
2000/5/9,0.024056
2000/5/10,0.024044
2000/5/11,0.024037
2000/5/12,0.024029
2000/5/15,0.024023
2000/5/16,0.024016
2000/5/17,0.024002
2000/5/18,0.023996
2000/5/19,0.023985
2000/5/22,0.023977
2000/5/23,0.023965
2000/5/24,0.023951
2000/5/25,0.023946
2000/5/26,0.023931
2000/5/29,0.023922
2000/5/30,0.023904
2000/5/31,0.023886
2000/6/1,0.023873
2000/6/2,0.023866
2000/6/5,0.023854
2000/6/6,0.023842
2000/6/7,0.023827
2000/6/8,0.023821
2000/6/9,0.02381
2000/6/12,0.023798
2000/6/13,0.023788
2000/6/14,0.023777
2000/6/15,0.023763
2000/6/16,0.023755
2000/6/19,0.023752
2000/6/20,0.023745
2000/6/21,0.023738
2000/6/22,0.023726
2000/6/23,0.02372
2000/6/26,0.023718
2000/6/27,0.023712
2000/6/28,0.023707
2000/6/29,0.023698
2000/6/30,0.023694
2000/7/4,0.023689
2000/7/6,0.023683
2000/7/7,0.02368
2000/7/10,0.023676
2000/7/11,0.023668
2000/7/12,0.023656
2000/7/13,0.023647
2000/7/14,0.023637
2000/7/17,0.023631
2000/7/18,0.023626
2000/7/19,0.023616
2000/7/20,0.023612
2000/7/21,0.023604
2000/7/24,0.0236
2000/7/25,0.023589
2000/7/26,0.02358
2000/7/27,0.02357
2000/7/28,0.023562
2000/7/31,0.023561
2000/8/1,0.023547
2000/8/2,0.02353
2000/8/3,0.023512
2000/8/4,0.023504
2000/8/7,0.023491
2000/8/8,0.02347
2000/8/9,0.023457
2000/8/10,0.023443
2000/8/11,0.023418
2000/8/14,0.023402
2000/8/15,0.023394
2000/8/16,0.023372
2000/8/17,0.023353
2000/8/18,0.023332
2000/8/21,0.023327
2000/8/22,0.02331
2000/8/23,0.02329
2000/8/24,0.023268
2000/8/25,0.023253
2000/8/28,0.023242
2000/8/29,0.023243
2000/8/30,0.023231
2000/8/31,0.023216
2000/9/1,0.023198
2000/9/4,0.023195
2000/9/5,0.023183
2000/9/6,0.023173
2000/9/7,0.023161
2000/9/8,0.023154
2000/9/11,0.023143
2000/9/12,0.02313
2000/9/13,0.02312
2000/9/14,0.023112
2000/9/15,0.023108
2000/9/18,0.023107
2000/9/19,0.023099
2000/9/20,0.02309
2000/9/21,0.023085
2000/9/22,0.023063
2000/9/25,0.023061
2000/9/26,0.023063
2000/9/27,0.023056
2000/9/28,0.023055
2000/9/29,0.023049
2000/9/30,0.023042
2000/10/8,0.023036
2000/10/9,0.023034
2000/10/10,0.023031
2000/10/11,0.023027
2000/10/12,0.023024
2000/10/13,0.023029
2000/10/16,0.023027
2000/10/17,0.023024
2000/10/18,0.023021
2000/10/19,0.02302
2000/10/20,0.023019
2000/10/23,0.023017
2000/10/25,0.023018
2000/10/26,0.023016
2000/10/27,0.023022
2000/10/30,0.023024
2000/10/31,0.023023
2000/11/2,0.023022
2000/11/3,0.02302
2000/11/6,0.023028
2000/11/7,0.023027
2000/11/8,0.023026
2000/11/9,0.023025
2000/11/10,0.023024
2000/11/13,0.02303
2000/11/14,0.023029
2000/11/15,0.023028
2000/11/16,0.023027
2000/11/17,0.023034
2000/11/20,0.023032
2000/11/21,0.023031
2000/11/22,0.02303
2000/11/23,0.023031
2000/11/24,0.023037
2000/11/27,0.023043
2000/11/28,0.023054
2000/11/29,0.023068
2000/11/30,0.023082
2000/12/1,0.0231
2000/12/4,0.023121
2000/12/5,0.023139
2000/12/6,0.023165
2000/12/7,0.023212
2000/12/8,0.023254
2000/12/11,0.023293
2000/12/12,0.023356
2000/12/13,0.023417
2000/12/14,0.023477
2000/12/15,0.023541
2000/12/18,0.02361
2000/12/19,0.023677
2000/12/20,0.023771
2000/12/21,0.023887
2000/12/22,0.024028
2000/12/25,0.024208
2000/12/26,0.024422
2000/12/27,0.024647
2000/12/28,0.024887
2000/12/29,0.025058
2001/1/2,0.025142
2001/1/3,0.025144
2001/1/4,0.025121
2001/1/5,0.025153
2001/1/8,0.025135
2001/1/9,0.025101
2001/1/10,0.025064
2001/1/11,0.025031
2001/1/12,0.025008
2001/1/15,0.025041
2001/1/16,0.02503
2001/1/17,0.025037
2001/1/18,0.025077
2001/1/19,0.025122
2001/1/20,0.025174
2001/1/21,0.025214
2001/1/22,0.025198
2001/1/23,0.025053
2001/1/31,0.024914
2001/2/1,0.024858
2001/2/2,0.024831
2001/2/5,0.024816
2001/2/6,0.024845
2001/2/7,0.024885
2001/2/8,0.02492
2001/2/9,0.024969
2001/2/12,0.025006
2001/2/13,0.02503
2001/2/14,0.025059
2001/2/15,0.025085
2001/2/16,0.02511
2001/2/19,0.025128
2001/2/20,0.025142
2001/2/21,0.025141
2001/2/22,0.025147
2001/2/23,0.025152
2001/2/26,0.02516
2001/2/27,0.025193
2001/2/28,0.025223
2001/3/1,0.025232
2001/3/5,0.025222
2001/3/6,0.025204
2001/3/7,0.025181
2001/3/8,0.025156
2001/3/9,0.025135
2001/3/12,0.025118
2001/3/13,0.025101
2001/3/14,0.025084
2001/3/15,0.025064
2001/3/16,0.025049
2001/3/19,0.025037
2001/3/20,0.025023
2001/3/21,0.025011
2001/3/22,0.024998
2001/3/23,0.024986
2001/3/26,0.024971
2001/3/27,0.024956
2001/3/28,0.024941
2001/3/29,0.024925
2001/3/30,0.024903
2001/4/2,0.024876
2001/4/3,0.024849
2001/4/4,0.024818
2001/4/5,0.024788
2001/4/6,0.024758
2001/4/9,0.024727
2001/4/10,0.024699
2001/4/11,0.024662
2001/4/12,0.024632
2001/4/13,0.024599
2001/4/16,0.024567
2001/4/17,0.024528
2001/4/18,0.024489
2001/4/19,0.024447
2001/4/20,0.024404
2001/4/23,0.024363
2001/4/24,0.024327
2001/4/25,0.024288
2001/4/26,0.024248
2001/4/27,0.024212
2001/4/28,0.024177
2001/4/29,0.024133
2001/4/30,0.024048
2001/5/8,0.023943
2001/5/9,0.023927
2001/5/10,0.023914
2001/5/11,0.023904
2001/5/14,0.023893
2001/5/15,0.023887
2001/5/16,0.023876
2001/5/17,0.023867
2001/5/18,0.023851
2001/5/21,0.023834
2001/5/22,0.023819
2001/5/23,0.0238
2001/5/24,0.023788
2001/5/25,0.023784
2001/5/28,0.02378
2001/5/29,0.023779
2001/5/30,0.023784
2001/5/31,0.02379
2001/6/1,0.0238
2001/6/4,0.02381
2001/6/5,0.023821
2001/6/6,0.023817
2001/6/7,0.02381
2001/6/8,0.023796
2001/6/11,0.023775
2001/6/12,0.023749
2001/6/13,0.02372
2001/6/14,0.023684
2001/6/15,0.023653
2001/6/18,0.023628
2001/6/19,0.023605
2001/6/20,0.023592
2001/6/21,0.023582
2001/6/22,0.023576
2001/6/25,0.023565
2001/6/26,0.023548
2001/6/27,0.023525
2001/6/28,0.023498
2001/6/29,0.023474
2001/7/2,0.023446
2001/7/3,0.023418
2001/7/4,0.023382
2001/7/5,0.023343
2001/7/6,0.023301
2001/7/9,0.023262
2001/7/10,0.023224
2001/7/11,0.023189
2001/7/12,0.023158
2001/7/13,0.023132
2001/7/16,0.023109
2001/7/17,0.023095
2001/7/18,0.02308
2001/7/19,0.023071
2001/7/20,0.023062
2001/7/23,0.023048
2001/7/24,0.023036
2001/7/25,0.023024
2001/7/26,0.023013
2001/7/27,0.023008
2001/7/30,0.023006
2001/7/31,0.023004
2001/8/2,0.023005
2001/8/3,0.023008
2001/8/6,0.023011
2001/8/7,0.023013
2001/8/8,0.023018
2001/8/9,0.023019
2001/8/10,0.023023
2001/8/14,0.023022
2001/8/15,0.023021
2001/8/16,0.023017
2001/8/17,0.023013
2001/8/20,0.023009
2001/8/21,0.023006
2001/8/22,0.023001
2001/8/23,0.022996
2001/8/24,0.022989
2001/8/27,0.022981
2001/8/28,0.022973
2001/8/29,0.022965
2001/8/30,0.022957
2001/8/31,0.022948
2001/9/3,0.022937
2001/9/4,0.022926
2001/9/5,0.022914
2001/9/6,0.022902
2001/9/7,0.02289
2001/9/10,0.022876
2001/9/11,0.022863
2001/9/12,0.022848
2001/9/13,0.022835
2001/9/14,0.022821
2001/9/17,0.022804
2001/9/18,0.022785
2001/9/19,0.022765
2001/9/20,0.022743
2001/9/21,0.022722
2001/9/24,0.0227
2001/9/25,0.022675
2001/9/26,0.022649
2001/9/27,0.022621
2001/9/28,0.022592
2001/9/29,0.022552
2001/9/30,0.02249
2001/10/8,0.022446
2001/10/9,0.022448
2001/10/10,0.022438
2001/10/11,0.022428
2001/10/12,0.022408
2001/10/15,0.02238
2001/10/16,0.022344
2001/10/17,0.02229
2001/10/18,0.022233
2001/10/19,0.022167
2001/10/22,0.022101
2001/10/23,0.022035
2001/10/24,0.021976
2001/10/25,0.021917
2001/10/26,0.021857
2001/10/29,0.021804
2001/10/30,0.021754
2001/10/31,0.021711
2001/11/1,0.02167
2001/11/2,0.021635
2001/11/5,0.021599
2001/11/6,0.021561
2001/11/7,0.02153
2001/11/8,0.021503
2001/11/9,0.021479
2001/11/12,0.021458
2001/11/13,0.02144
2001/11/14,0.021426
2001/11/15,0.021415
2001/11/16,0.021408
2001/11/19,0.021402
2001/11/20,0.021397
2001/11/21,0.021392
2001/11/22,0.02139
2001/11/23,0.021391
2001/11/26,0.021389
2001/11/27,0.021387
2001/11/29,0.021389
2001/11/30,0.02139
2001/12/3,0.021389
2001/12/4,0.021388
2001/12/5,0.021393
2001/12/6,0.021392
2001/12/7,0.021394
2001/12/10,0.021393
2001/12/11,0.021397
2001/12/12,0.021398
2001/12/13,0.021396
2001/12/14,0.021399
2001/12/17,0.021398
2001/12/18,0.021397
2001/12/19,0.021396
2001/12/24,0.021395
2001/12/25,0.021396
2001/12/26,0.021397
2001/12/27,0.021399
2001/12/28,0.021397
2001/12/29,0.021396
2001/12/30,0.021402
2001/12/31,0.021403
2002/1/4,0.021401
2002/1/7,0.0214
2002/1/8,0.021398
2002/1/9,0.021396
2002/1/10,0.021395
2002/1/11,0.021393
2002/1/14,0.02139
2002/1/15,0.021388
2002/1/16,0.021387
2002/1/17,0.021384
2002/1/18,0.021383
2002/1/21,0.02138
2002/1/22,0.021378
2002/1/23,0.021376
2002/1/24,0.021375
2002/1/25,0.021373
2002/1/28,0.021371
2002/1/29,0.021369
2002/1/30,0.021365
2002/1/31,0.021362
2002/2/1,0.02136
2002/2/4,0.021359
2002/2/5,0.021358
2002/2/7,0.021357
2002/2/8,0.021355
2002/2/9,0.021357
2002/2/10,0.021366
2002/2/11,0.021364
2002/2/19,0.021368
2002/2/21,0.021366
2002/2/22,0.021203
2002/2/25,0.021039
2002/2/26,0.020887
2002/2/27,0.020744
2002/2/28,0.020611
2002/3/1,0.020491
2002/3/4,0.020381
2002/3/5,0.020283
2002/3/6,0.020191
2002/3/7,0.020106
2002/3/8,0.020031
2002/3/11,0.01996
2002/3/12,0.019897
2002/3/13,0.019837
2002/3/14,0.019782
2002/3/15,0.01973
2002/3/18,0.019685
2002/3/19,0.019642
2002/3/20,0.019602
2002/3/21,0.019567
2002/3/22,0.019561
2002/3/25,0.019556
2002/3/26,0.019552
2002/3/27,0.019549
2002/3/28,0.019546
2002/3/29,0.019543
2002/4/1,0.019542
2002/4/2,0.019538
2002/4/3,0.019533
2002/4/4,0.019531
2002/4/5,0.019528
2002/4/8,0.019527
2002/4/9,0.019526
2002/4/10,0.019521
2002/4/11,0.01952
2002/4/15,0.019519
2002/4/16,0.019517
2002/4/17,0.019515
2002/4/19,0.019513
2002/4/22,0.019512
2002/4/23,0.019511
2002/4/24,0.019509
2002/4/26,0.019506
2002/4/27,0.019505
2002/4/29,0.019504
2002/4/30,0.01951
2002/5/8,0.019512
2002/5/9,0.019511
2002/5/15,0.019509
2002/5/17,0.019506
2002/5/21,0.019504
2002/5/22,0.019503
2002/5/24,0.019502
2002/5/27,0.019503
2002/5/28,0.019504
2002/5/30,0.019503
2002/5/31,0.019504
2002/6/3,0.019505
2002/6/6,0.019506
2002/6/10,0.019507
2002/6/11,0.019508
2002/6/17,0.019509
2002/6/18,0.01951
2002/6/19,0.019509
2002/6/25,0.019507
2002/6/26,0.019506
2002/6/27,0.019505
2002/6/28,0.019504
2002/7/3,0.019503
2002/7/4,0.019502
2002/7/5,0.019501
2002/7/9,0.0195
2002/7/11,0.019499
2002/7/12,0.019498
2002/7/15,0.019497
2002/7/16,0.019496
2002/7/17,0.019495
2002/7/18,0.019494
2002/7/19,0.019493
2002/7/23,0.019492
2002/7/26,0.019491
2002/7/31,0.01949
2002/8/1,0.019491
2002/8/5,0.019492
2002/8/8,0.019493
2002/8/12,0.019494
2002/8/14,0.019495
2002/8/19,0.019496
2002/8/20,0.019503
2002/8/21,0.019513
2002/8/22,0.019529
2002/8/23,0.019546
2002/8/26,0.019562
2002/8/27,0.019599
2002/8/28,0.019657
2002/8/29,0.019719
2002/8/30,0.019779
2002/9/2,0.019837
2002/9/3,0.019914
2002/9/4,0.019991
2002/9/5,0.020064
2002/9/6,0.020138
2002/9/9,0.020201
2002/9/10,0.020276
2002/9/11,0.020352
2002/9/12,0.020423
2002/9/13,0.020484
2002/9/16,0.020554
2002/9/17,0.020629
2002/9/18,0.020706
2002/9/19,0.020789
2002/9/20,0.020924
2002/9/23,0.021149
2002/9/24,0.021336
2002/9/25,0.021552
2002/9/26,0.02177
2002/9/27,0.021949
2002/9/28,0.022082
2002/9/29,0.022205
2002/9/30,0.022285
2002/10/8,0.022371
2002/10/9,0.022419
2002/10/10,0.022462
2002/10/11,0.022497
2002/10/14,0.022525
2002/10/15,0.02255
2002/10/16,0.022569
2002/10/17,0.022581
2002/10/18,0.02259
2002/10/21,0.022593
2002/10/23,0.022583
2002/10/24,0.022561
2002/10/25,0.022539
2002/10/28,0.022511
2002/10/29,0.022482
2002/10/30,0.02246
2002/10/31,0.02244
2002/11/1,0.022422
2002/11/4,0.02241
2002/11/5,0.022395
2002/11/6,0.022386
2002/11/7,0.022378
2002/11/8,0.022367
2002/11/11,0.022359
2002/11/12,0.022353
2002/11/13,0.022347
2002/11/14,0.022341
2002/11/15,0.022334
2002/11/18,0.022329
2002/11/19,0.022323
2002/11/20,0.022318
2002/11/21,0.022313
2002/11/22,0.022309
2002/11/25,0.022306
2002/11/26,0.022303
2002/11/27,0.022299
2002/11/28,0.022297
2002/11/29,0.022294
2002/12/2,0.022292
2002/12/3,0.022291
2002/12/4,0.022288
2002/12/5,0.022286
2002/12/6,0.022288
2002/12/9,0.022302
2002/12/10,0.022321
2002/12/11,0.022346
2002/12/12,0.022375
2002/12/13,0.022412
2002/12/16,0.022473
2002/12/17,0.022546
2002/12/18,0.022622
2002/12/19,0.022701
2002/12/20,0.02278
2002/12/23,0.022864
2002/12/24,0.022944
2002/12/25,0.023012
2002/12/26,0.023086
2002/12/27,0.023139
2002/12/30,0.023206
2002/12/31,0.02325
2003/1/2,0.023288
2003/1/3,0.023284
2003/1/6,0.023273
2003/1/7,0.023257
2003/1/8,0.023239
2003/1/9,0.023215
2003/1/10,0.023189
2003/1/13,0.023149
2003/1/14,0.023103
2003/1/15,0.023054
2003/1/16,0.023003
2003/1/17,0.02295
2003/1/20,0.022896
2003/1/21,0.022841
2003/1/22,0.022787
2003/1/23,0.022734
2003/1/24,0.022705
2003/1/27,0.022684
2003/1/28,0.02269
2003/1/29,0.022711
2003/1/30,0.022743
2003/1/31,0.022786
2003/2/8,0.022804
2003/2/9,0.022809
2003/2/10,0.022811
2003/2/11,0.022805
2003/2/12,0.0228
2003/2/13,0.02279
2003/2/14,0.022779
2003/2/17,0.022765
2003/2/18,0.022748
2003/2/19,0.022727
2003/2/20,0.022705
2003/2/21,0.02268
2003/2/24,0.022655
2003/2/25,0.022623
2003/2/26,0.022583
2003/2/27,0.022523
2003/2/28,0.022443
2003/3/1,0.022333
2003/3/2,0.022232
2003/3/3,0.022138
2003/3/4,0.022033
2003/3/5,0.021914
2003/3/6,0.021791
2003/3/7,0.021661
2003/3/8,0.021547
2003/3/10,0.021445
2003/3/11,0.021359
2003/3/12,0.021279
2003/3/13,0.0212
2003/3/14,0.021118
2003/3/15,0.021036
2003/3/17,0.020962
2003/3/18,0.020888
2003/3/19,0.020811
2003/3/20,0.020735
2003/3/21,0.02066
2003/3/24,0.020586
2003/3/25,0.020513
2003/3/26,0.020437
2003/3/27,0.020361
2003/3/28,0.020293
2003/3/31,0.020228
2003/4/1,0.020166
2003/4/2,0.020113
2003/4/3,0.020067
2003/4/4,0.02002
2003/4/7,0.019974
2003/4/8,0.019928
2003/4/9,0.019883
2003/4/10,0.019839
2003/4/11,0.019797
2003/4/14,0.019758
2003/4/15,0.019722
2003/4/16,0.01969
2003/4/17,0.019661
2003/4/18,0.019635
2003/4/21,0.019612
2003/4/22,0.01959
2003/4/23,0.019569
2003/4/24,0.019551
2003/4/25,0.019537
2003/4/28,0.01954
2003/4/29,0.019562
2003/4/30,0.019581
2003/5/6,0.019602
2003/5/7,0.019622
2003/5/8,0.019643
2003/5/9,0.019669
2003/5/12,0.019697
2003/5/13,0.01973
2003/5/14,0.019762
2003/5/15,0.019796
2003/5/16,0.019837
2003/5/19,0.019873
2003/5/20,0.019913
2003/5/21,0.019952
2003/5/22,0.019996
2003/5/23,0.020042
2003/5/26,0.020092
2003/5/27,0.020149
2003/5/28,0.020211
2003/5/29,0.020284
2003/5/30,0.020363
2003/6/2,0.020444
2003/6/3,0.020527
2003/6/4,0.020608
2003/6/5,0.020685
2003/6/6,0.020758
2003/6/9,0.020831
2003/6/10,0.020901
2003/6/11,0.020964
2003/6/12,0.021024
2003/6/13,0.021079
2003/6/16,0.021137
2003/6/17,0.021198
2003/6/18,0.021251
2003/6/19,0.021305
2003/6/20,0.021354
2003/6/23,0.021406
2003/6/24,0.021459
2003/6/25,0.021507
2003/6/26,0.021578
2003/6/27,0.021658
2003/6/30,0.021751
2003/7/1,0.021845
2003/7/2,0.021932
2003/7/3,0.022026
2003/7/4,0.022116
2003/7/7,0.022195
2003/7/8,0.022269
2003/7/9,0.022334
2003/7/10,0.022388
2003/7/11,0.022427
2003/7/14,0.022441
2003/7/15,0.022436
2003/7/16,0.022421
2003/7/17,0.022394
2003/7/18,0.022356
2003/7/21,0.022306
2003/7/22,0.022253
2003/7/23,0.022188
2003/7/24,0.022117
2003/7/25,0.022058
2003/7/28,0.021988
2003/7/29,0.021922
2003/7/30,0.021855
2003/7/31,0.021785
2003/8/1,0.021715
2003/8/4,0.021644
2003/8/5,0.021578
2003/8/6,0.02151
2003/8/7,0.021454
2003/8/8,0.021385
2003/8/11,0.021328
2003/8/12,0.021262
2003/8/13,0.021209
2003/8/14,0.021168
2003/8/15,0.021131
2003/8/18,0.021095
2003/8/19,0.021058
2003/8/20,0.021023
2003/8/21,0.021008
2003/8/22,0.021018
2003/8/25,0.021064
2003/8/26,0.021233
2003/8/27,0.021475
2003/8/28,0.022044
2003/8/29,0.022661
2003/9/1,0.023323
2003/9/2,0.023947
2003/9/3,0.024538
2003/9/4,0.025046
2003/9/5,0.025505
2003/9/8,0.025873
2003/9/9,0.026203
2003/9/10,0.02651
2003/9/11,0.026792
2003/9/12,0.027041
2003/9/15,0.02726
2003/9/16,0.027458
2003/9/17,0.02763
2003/9/18,0.027785
2003/9/19,0.027918
2003/9/22,0.028038
2003/9/23,0.028141
2003/9/24,0.028262
2003/9/25,0.028376
2003/9/26,0.028514
2003/9/27,0.028714
2003/9/28,0.028978
2003/9/29,0.029265
2003/9/30,0.02947
2003/10/8,0.029786
2003/10/9,0.030071
2003/10/10,0.030335
2003/10/13,0.030569
2003/10/14,0.030775
2003/10/15,0.030926
2003/10/16,0.031032
2003/10/17,0.031055
2003/10/20,0.031044
2003/10/21,0.031012
2003/10/22,0.030956
2003/10/23,0.030886
2003/10/24,0.030793
2003/10/27,0.030652
2003/10/28,0.030482
2003/10/29,0.030367
2003/10/30,0.030318
2003/10/31,0.030476
2003/11/3,0.0307
2003/11/4,0.031041
2003/11/5,0.031593
2003/11/6,0.03176
2003/11/7,0.031713
2003/11/10,0.031598
2003/11/11,0.03147
2003/11/12,0.031279
2003/11/13,0.031031
2003/11/14,0.030665
2003/11/17,0.030233
2003/11/18,0.029776
2003/11/19,0.029265
2003/11/20,0.028675
2003/11/21,0.028096
2003/11/24,0.027448
2003/11/25,0.026838
2003/11/26,0.026278
2003/11/27,0.025757
2003/11/28,0.025248
2003/12/1,0.024759
2003/12/2,0.024286
2003/12/3,0.02381
2003/12/4,0.023416
2003/12/5,0.023078
2003/12/8,0.022782
2003/12/9,0.022516
2003/12/10,0.022284
2003/12/11,0.022084
2003/12/12,0.021922
2003/12/15,0.02179
2003/12/16,0.021679
2003/12/17,0.021596
2003/12/18,0.021546
2003/12/19,0.021509
2003/12/22,0.021482
2003/12/23,0.021466
2003/12/24,0.021452
2003/12/25,0.021443
2003/12/26,0.021439
2003/12/29,0.021432
2003/12/30,0.021426
2004/1/2,0.021412
2004/1/5,0.021399
2004/1/6,0.021383
2004/1/7,0.021367
2004/1/8,0.021346
2004/1/9,0.021321
2004/1/12,0.02129
2004/1/13,0.021257
2004/1/14,0.021227
2004/1/15,0.021193
2004/1/16,0.021169
2004/1/17,0.021943
2004/1/18,0.023019
2004/1/19,0.024077
2004/1/20,0.02498
2004/1/21,0.02588
2004/1/29,0.026467
2004/1/30,0.026624
2004/2/2,0.026775
2004/2/3,0.026896
2004/2/4,0.026682
2004/2/5,0.026411
2004/2/6,0.026148
2004/2/9,0.025887
2004/2/10,0.025634
2004/2/11,0.025382
2004/2/12,0.025122
2004/2/13,0.024861
2004/2/16,0.024599
2004/2/17,0.024345
2004/2/18,0.024095
2004/2/19,0.023737
2004/2/20,0.02334
2004/2/23,0.022956
2004/2/24,0.022601
2004/2/25,0.022253
2004/2/26,0.021952
2004/2/27,0.021722
2004/3/1,0.021497
2004/3/2,0.021281
2004/3/3,0.021115
2004/3/4,0.020956
2004/3/5,0.0208
2004/3/8,0.020646
2004/3/9,0.020491
2004/3/10,0.020347
2004/3/11,0.020211
2004/3/12,0.020079
2004/3/15,0.019951
2004/3/16,0.01983
2004/3/17,0.019711
2004/3/18,0.019584
2004/3/19,0.019461
2004/3/22,0.019337
2004/3/23,0.019215
2004/3/24,0.019099
2004/3/25,0.019014
2004/3/26,0.01897
2004/3/29,0.018932
2004/3/30,0.018899
2004/3/31,0.018876
2004/4/1,0.018851
2004/4/2,0.018831
2004/4/5,0.018797
2004/4/6,0.018764
2004/4/7,0.01873
2004/4/8,0.018699
2004/4/9,0.018665
2004/4/12,0.018621
2004/4/13,0.018611
2004/4/14,0.018706
2004/4/15,0.018861
2004/4/16,0.019058
2004/4/19,0.019282
2004/4/20,0.019533
2004/4/21,0.019812
2004/4/22,0.020179
2004/4/23,0.020591
2004/4/26,0.021029
2004/4/27,0.021428
2004/4/28,0.02175
2004/4/29,0.022027
2004/4/30,0.022383
2004/5/8,0.02265
2004/5/9,0.022723
2004/5/10,0.022769
2004/5/11,0.022805
2004/5/12,0.022829
2004/5/13,0.022839
2004/5/14,0.022832
2004/5/17,0.02278
2004/5/18,0.022709
2004/5/19,0.022633
2004/5/20,0.022564
2004/5/21,0.022499
2004/5/24,0.022363
2004/5/25,0.022212
2004/5/26,0.022058
2004/5/27,0.021923
2004/5/28,0.02181
2004/5/31,0.021733
2004/6/1,0.021743
2004/6/2,0.021799
2004/6/3,0.021942
2004/6/4,0.022234
2004/6/7,0.02251
2004/6/8,0.022763
2004/6/9,0.022989
2004/6/10,0.023188
2004/6/11,0.023371
2004/6/14,0.023455
2004/6/15,0.023484
2004/6/16,0.023486
2004/6/17,0.023487
2004/6/18,0.023511
2004/6/21,0.023616
2004/6/22,0.023728
2004/6/23,0.023835
2004/6/24,0.023932
2004/6/25,0.024038
2004/6/28,0.024122
2004/6/29,0.024169
2004/6/30,0.024217
2004/7/1,0.024251
2004/7/2,0.024247
2004/7/5,0.024204
2004/7/6,0.024165
2004/7/7,0.024114
2004/7/8,0.024057
2004/7/9,0.023978
2004/7/12,0.023875
2004/7/13,0.023773
2004/7/14,0.023672
2004/7/15,0.023567
2004/7/16,0.023458
2004/7/19,0.023302
2004/7/20,0.023146
2004/7/21,0.023011
2004/7/22,0.022899
2004/7/23,0.023013
2004/7/26,0.02312
2004/7/27,0.023226
2004/7/28,0.023305
2004/7/29,0.02339
2004/7/30,0.023455
2004/8/2,0.023517
2004/8/3,0.023564
2004/8/4,0.023607
2004/8/5,0.023643
2004/8/6,0.023676
2004/8/9,0.023615
2004/8/10,0.023553
2004/8/11,0.023498
2004/8/12,0.023442
2004/8/13,0.023399
2004/8/16,0.023319
2004/8/17,0.023266
2004/8/18,0.023214
2004/8/19,0.023164
2004/8/20,0.023086
2004/8/23,0.022994
2004/8/24,0.022917
2004/8/25,0.022852
2004/8/26,0.022788
2004/8/27,0.02273
2004/8/30,0.022651
2004/8/31,0.022577
2004/9/1,0.022492
2004/9/2,0.022398
2004/9/3,0.022296
2004/9/6,0.022191
2004/9/7,0.022093
2004/9/8,0.022002
2004/9/9,0.021916
2004/9/10,0.021818
2004/9/13,0.021728
2004/9/14,0.021641
2004/9/15,0.021556
2004/9/16,0.021475
2004/9/17,0.021396
2004/9/20,0.021328
2004/9/21,0.021263
2004/9/22,0.021197
2004/9/23,0.021134
2004/9/24,0.021085
2004/9/27,0.021099
2004/9/28,0.021143
2004/9/29,0.021317
2004/9/30,0.021506
2004/10/8,0.021581
2004/10/9,0.02164
2004/10/10,0.021691
2004/10/11,0.021733
2004/10/12,0.021764
2004/10/13,0.021783
2004/10/14,0.021787
2004/10/15,0.021784
2004/10/18,0.021775
2004/10/19,0.021742
2004/10/20,0.021709
2004/10/21,0.021643
2004/10/22,0.021584
2004/10/25,0.021524
2004/10/26,0.021458
2004/10/27,0.021393
2004/10/28,0.021318
2004/10/29,0.021241
2004/11/1,0.021316
2004/11/2,0.021401
2004/11/3,0.021494
2004/11/4,0.021576
2004/11/5,0.021655
2004/11/8,0.021659
2004/11/9,0.021633
2004/11/10,0.021635
2004/11/11,0.021624
2004/11/12,0.021601
2004/11/15,0.021578
2004/11/16,0.021544
2004/11/17,0.021487
2004/11/18,0.021412
2004/11/19,0.021327
2004/11/22,0.021185
2004/11/23,0.020939
2004/11/24,0.020823
2004/11/25,0.020714
2004/11/26,0.020608
2004/11/29,0.020466
2004/11/30,0.02033
2004/12/1,0.02021
2004/12/2,0.020094
2004/12/3,0.019979
2004/12/6,0.01986
2004/12/7,0.019736
2004/12/8,0.019617
2004/12/9,0.019496
2004/12/10,0.019377
2004/12/13,0.019247
2004/12/14,0.019159
2004/12/15,0.01908
2004/12/16,0.018998
2004/12/17,0.018924
2004/12/20,0.018854
2004/12/21,0.018763
2004/12/22,0.018696
2004/12/23,0.018634
2004/12/24,0.01858
2004/12/27,0.018538
2004/12/28,0.018522
2004/12/29,0.018559
2004/12/30,0.018597
2004/12/31,0.018639
2005/1/4,0.018682
2005/1/5,0.018727
2005/1/6,0.01873
2005/1/7,0.018733
2005/1/10,0.018708
2005/1/11,0.018682
2005/1/12,0.018646
2005/1/13,0.018612
2005/1/14,0.018579
2005/1/17,0.018547
2005/1/18,0.018518
2005/1/19,0.018498
2005/1/20,0.018481
2005/1/21,0.018467
2005/1/24,0.018457
2005/1/25,0.01845
2005/1/26,0.018439
2005/1/27,0.018416
2005/1/28,0.018394
2005/1/31,0.018387
2005/2/1,0.018376
2005/2/2,0.018371
2005/2/3,0.018429
2005/2/4,0.018593
2005/2/5,0.01913
2005/2/6,0.019698
2005/2/7,0.020242
2005/2/8,0.020667
2005/2/16,0.020634
2005/2/17,0.020591
2005/2/18,0.020549
2005/2/21,0.020502
2005/2/22,0.020448
2005/2/23,0.020375
2005/2/24,0.020278
2005/2/25,0.020144
2005/2/28,0.020012
2005/3/1,0.019883
2005/3/2,0.019762
2005/3/3,0.019646
2005/3/4,0.019537
2005/3/7,0.019435
2005/3/8,0.019353
2005/3/9,0.019248
2005/3/10,0.01909
2005/3/11,0.018932
2005/3/14,0.018773
2005/3/15,0.018634
2005/3/16,0.018569
2005/3/17,0.018515
2005/3/18,0.018432
2005/3/21,0.018252
2005/3/22,0.018007
2005/3/23,0.017748
2005/3/24,0.01747
2005/3/25,0.017212
2005/3/28,0.016959
2005/3/29,0.016735
2005/3/30,0.016512
2005/3/31,0.016288
2005/4/1,0.01607
2005/4/4,0.015818
2005/4/5,0.015596
2005/4/6,0.015365
2005/4/7,0.015079
2005/4/8,0.014847
2005/4/11,0.014609
2005/4/12,0.014389
2005/4/13,0.014188
2005/4/14,0.013988
2005/4/15,0.013816
2005/4/18,0.013648
2005/4/19,0.013499
2005/4/20,0.01336
2005/4/21,0.01324
2005/4/22,0.013132
2005/4/25,0.013009
2005/4/26,0.012886
2005/4/27,0.012772
2005/4/28,0.012693
2005/4/29,0.012635
2005/4/30,0.012568
2005/5/8,0.012493
2005/5/9,0.012407
2005/5/10,0.012336
2005/5/11,0.012266
2005/5/12,0.012201
2005/5/13,0.012136
2005/5/16,0.012063
2005/5/17,0.011985
2005/5/18,0.011908
2005/5/19,0.011839
2005/5/20,0.011776
2005/5/23,0.011717
2005/5/24,0.011663
2005/5/25,0.011609
2005/5/26,0.011565
2005/5/27,0.011525
2005/5/30,0.011486
2005/5/31,0.011444
2005/6/1,0.011399
2005/6/2,0.011344
2005/6/3,0.011291
2005/6/6,0.011248
2005/6/7,0.011208
2005/6/8,0.011174
2005/6/9,0.011142
2005/6/10,0.011112
2005/6/13,0.011085
2005/6/14,0.011061
2005/6/15,0.011041
2005/6/16,0.011023
2005/6/17,0.011006
2005/6/20,0.010988
2005/6/21,0.010975
2005/6/22,0.010961
2005/6/23,0.010946
2005/6/24,0.010931
2005/6/27,0.010922
2005/6/28,0.010911
2005/6/30,0.010922
2005/7/1,0.010941
2005/7/4,0.010979
2005/7/5,0.011026
2005/7/6,0.011076
2005/7/7,0.011124
2005/7/8,0.01117
2005/7/11,0.011215
2005/7/12,0.011258
2005/7/13,0.0113
2005/7/14,0.011349
2005/7/15,0.011398
2005/7/18,0.011461
2005/7/19,0.011516
2005/7/20,0.011595
2005/7/21,0.011664
2005/7/22,0.01173
2005/7/25,0.01183
2005/7/26,0.011922
2005/7/27,0.012002
2005/7/28,0.01207
2005/7/29,0.012128
2005/8/1,0.012159
2005/8/2,0.012184
2005/8/3,0.012206
2005/8/4,0.012225
2005/8/5,0.012237
2005/8/8,0.012272
2005/8/9,0.012304
2005/8/10,0.012335
2005/8/11,0.012358
2005/8/12,0.012374
2005/8/15,0.01239
2005/8/16,0.012404
2005/8/17,0.012409
2005/8/18,0.012412
2005/8/19,0.012408
2005/8/22,0.012398
2005/8/23,0.012384
2005/8/24,0.012368
2005/8/25,0.01235
2005/8/26,0.01233
2005/8/29,0.012322
2005/8/30,0.012318
2005/8/31,0.012305
2005/9/1,0.012287
2005/9/2,0.012268
2005/9/5,0.012245
2005/9/6,0.012234
2005/9/7,0.012221
2005/9/8,0.012213
2005/9/9,0.012199
2005/9/12,0.012192
2005/9/13,0.012188
2005/9/14,0.012174
2005/9/15,0.012159
2005/9/16,0.012135
2005/9/19,0.012117
2005/9/20,0.012095
2005/9/21,0.012068
2005/9/22,0.012037
2005/9/23,0.012018
2005/9/26,0.011986
2005/9/27,0.01195
2005/9/28,0.011918
2005/9/29,0.011844
2005/9/30,0.011803
2005/10/8,0.011762
2005/10/9,0.011724
2005/10/10,0.011677
2005/10/11,0.011625
2005/10/12,0.011573
2005/10/13,0.011521
2005/10/14,0.011469
2005/10/17,0.011428
2005/10/18,0.011392
2005/10/19,0.01136
2005/10/20,0.011327
2005/10/21,0.011298
2005/10/24,0.011269
2005/10/25,0.011249
2005/10/26,0.01123
2005/10/27,0.011218
2005/10/28,0.011209
2005/10/31,0.0112
2005/11/1,0.011187
2005/11/2,0.011173
2005/11/3,0.01116
2005/11/4,0.011144
2005/11/7,0.011131
2005/11/8,0.011121
2005/11/9,0.011109
2005/11/10,0.011098
2005/11/11,0.011095
2005/11/14,0.011102
2005/11/15,0.011108
2005/11/16,0.011115
2005/11/17,0.011121
2005/11/18,0.011129
2005/11/21,0.011188
2005/11/22,0.011274
2005/11/23,0.011399
2005/11/24,0.011546
2005/11/25,0.011688
2005/11/28,0.01185
2005/11/29,0.012033
2005/11/30,0.012232
2005/12/1,0.012481
2005/12/2,0.012804
2005/12/5,0.013124
2005/12/6,0.013496
2005/12/7,0.013843
2005/12/8,0.014151
2005/12/9,0.014429
2005/12/12,0.014673
2005/12/13,0.014887
2005/12/14,0.015065
2005/12/15,0.015221
2005/12/16,0.015323
2005/12/19,0.015407
2005/12/20,0.015479
2005/12/21,0.015527
2005/12/22,0.01556
2005/12/23,0.015585
2005/12/26,0.015572
2005/12/27,0.015578
2005/12/28,0.015579
2005/12/29,0.015551
2005/12/30,0.015515
2005/12/31,0.015468
2006/1/4,0.01542
2006/1/5,0.015361
2006/1/6,0.015302
2006/1/9,0.01524
2006/1/10,0.015175
2006/1/11,0.015112
2006/1/12,0.015049
2006/1/13,0.014991
2006/1/16,0.014936
2006/1/17,0.014884
2006/1/18,0.014829
2006/1/19,0.014776
2006/1/20,0.014757
2006/1/23,0.014763
2006/1/24,0.014841
2006/1/25,0.015297
2006/1/26,0.016933
2006/1/27,0.017777
2006/1/28,0.018067
2006/2/5,0.018331
2006/2/6,0.01809
2006/2/7,0.017814
2006/2/8,0.017551
2006/2/9,0.0173
2006/2/10,0.017058
2006/2/13,0.016794
2006/2/14,0.016537
2006/2/15,0.016294
2006/2/16,0.016051
2006/2/17,0.015806
2006/2/20,0.01557
2006/2/21,0.015342
2006/2/22,0.015107
2006/2/23,0.0149
2006/2/24,0.014708
2006/2/27,0.014473
2006/2/28,0.014106
2006/3/1,0.013905
2006/3/2,0.013795
2006/3/3,0.013709
2006/3/6,0.013722
2006/3/7,0.013743
2006/3/8,0.013798
2006/3/9,0.013844
2006/3/10,0.013885
2006/3/13,0.013916
2006/3/14,0.013931
2006/3/15,0.013938
2006/3/16,0.013953
2006/3/17,0.01399
2006/3/20,0.014017
2006/3/21,0.01404
2006/3/22,0.014076
2006/3/23,0.014202
2006/3/24,0.014431
2006/3/27,0.014648
2006/3/28,0.014845
2006/3/29,0.015011
2006/3/30,0.015159
2006/3/31,0.01529
2006/4/3,0.015403
2006/4/4,0.0155
2006/4/5,0.015567
2006/4/6,0.015628
2006/4/7,0.015678
2006/4/10,0.015701
2006/4/11,0.015696
2006/4/12,0.015673
2006/4/13,0.01564
2006/4/14,0.015609
2006/4/17,0.015622
2006/4/18,0.015693
2006/4/19,0.015809
2006/4/20,0.015927
2006/4/21,0.016059
2006/4/24,0.016187
2006/4/25,0.016343
2006/4/26,0.016531
2006/4/27,0.016763
2006/4/28,0.017057
2006/4/29,0.017533
2006/4/30,0.017688
2006/5/8,0.017734
2006/5/9,0.017784
2006/5/10,0.017816
2006/5/11,0.017834
2006/5/12,0.017858
2006/5/15,0.017861
2006/5/16,0.017834
2006/5/17,0.017783
2006/5/18,0.01767
2006/5/19,0.017608
2006/5/22,0.017517
2006/5/23,0.01741
2006/5/24,0.01728
2006/5/25,0.017186
2006/5/26,0.017093
2006/5/29,0.016984
2006/5/30,0.016868
2006/5/31,0.01675
2006/6/1,0.016667
2006/6/2,0.016707
2006/6/5,0.016757
2006/6/6,0.016812
2006/6/7,0.016875
2006/6/8,0.016979
2006/6/9,0.01709
2006/6/12,0.017192
2006/6/13,0.017317
2006/6/14,0.017478
2006/6/15,0.017747
2006/6/16,0.018052
2006/6/19,0.018342
2006/6/20,0.018833
2006/6/21,0.019196
2006/6/22,0.019464
2006/6/23,0.019669
2006/6/26,0.019855
2006/6/27,0.020017
2006/6/28,0.020138
2006/6/29,0.020211
2006/6/30,0.020336
2006/7/3,0.020437
2006/7/4,0.020534
2006/7/5,0.020625
2006/7/6,0.020672
2006/7/7,0.020693
2006/7/10,0.020696
2006/7/11,0.020672
2006/7/12,0.020631
2006/7/13,0.020538
2006/7/14,0.020418
2006/7/17,0.020367
2006/7/18,0.0204
2006/7/19,0.020549
2006/7/20,0.020896
2006/7/21,0.021421
2006/7/24,0.021973
2006/7/25,0.022492
2006/7/26,0.022972
2006/7/27,0.023421
2006/7/28,0.023833
2006/7/31,0.024212
2006/8/1,0.024531
2006/8/2,0.02481
2006/8/3,0.025073
2006/8/4,0.025314
2006/8/7,0.025475
2006/8/8,0.025635
2006/8/9,0.025766
2006/8/10,0.025883
2006/8/11,0.025978
2006/8/14,0.026005
2006/8/15,0.025983
2006/8/16,0.025886
2006/8/17,0.025778
2006/8/18,0.025637
2006/8/21,0.025447
2006/8/22,0.02536
2006/8/23,0.025217
2006/8/24,0.025034
2006/8/25,0.024813
2006/8/28,0.024504
2006/8/29,0.02414
2006/8/30,0.023815
2006/8/31,0.023554
2006/9/1,0.023354
2006/9/4,0.023195
2006/9/5,0.02304
2006/9/6,0.022862
2006/9/7,0.0227
2006/9/8,0.022503
2006/9/11,0.022318
2006/9/12,0.022124
2006/9/13,0.021935
2006/9/14,0.021782
2006/9/15,0.021648
2006/9/18,0.021523
2006/9/19,0.021357
2006/9/20,0.021191
2006/9/21,0.021028
2006/9/22,0.02093
2006/9/25,0.021015
2006/9/26,0.021206
2006/9/27,0.0214
2006/9/28,0.021551
2006/9/29,0.021821
2006/9/30,0.022039
2006/10/8,0.022146
2006/10/9,0.022194
2006/10/10,0.022244
2006/10/11,0.022285
2006/10/12,0.022323
2006/10/13,0.022361
2006/10/16,0.022401
2006/10/17,0.022488
2006/10/18,0.022664
2006/10/19,0.022915
2006/10/20,0.023169
2006/10/23,0.023395
2006/10/24,0.023571
2006/10/25,0.023734
2006/10/26,0.023758
2006/10/27,0.023705
2006/10/30,0.023638
2006/10/31,0.023663
2006/11/1,0.023721
2006/11/2,0.023825
2006/11/3,0.023945
2006/11/6,0.023996
2006/11/7,0.024193
2006/11/8,0.024515
2006/11/9,0.024965
2006/11/10,0.025488
2006/11/13,0.026212
2006/11/14,0.02705
2006/11/15,0.028091
2006/11/16,0.029072
2006/11/17,0.029807
2006/11/20,0.030781
2006/11/21,0.031796
2006/11/22,0.032781
2006/11/23,0.033407
2006/11/24,0.033976
2006/11/27,0.034677
2006/11/28,0.034534
2006/11/29,0.034259
2006/11/30,0.033397
2006/12/1,0.032556
2006/12/4,0.031755
2006/12/5,0.030977
2006/12/6,0.030202
2006/12/7,0.029456
2006/12/8,0.028721
2006/12/11,0.027998
2006/12/12,0.027309
2006/12/13,0.026597
2006/12/14,0.025967
2006/12/15,0.025242
2006/12/18,0.024516
2006/12/19,0.023815
2006/12/20,0.02313
2006/12/21,0.022529
2006/12/22,0.021909
2006/12/25,0.021489
2006/12/26,0.021471
2006/12/27,0.021469
2006/12/28,0.021551
2006/12/29,0.021417
2006/12/30,0.021169
2006/12/31,0.020887
2007/1/4,0.020253
2007/1/5,0.019662
2007/1/8,0.019102
2007/1/9,0.018552
2007/1/10,0.018039
2007/1/11,0.017561
2007/1/12,0.017107
2007/1/15,0.016713
2007/1/16,0.016326
2007/1/17,0.015966
2007/1/18,0.015784
2007/1/19,0.015643
2007/1/22,0.015569
2007/1/23,0.015737
2007/1/24,0.016017
2007/1/25,0.016325
2007/1/26,0.016621
2007/1/29,0.016985
2007/1/30,0.017364
2007/1/31,0.01772
2007/2/1,0.018084
2007/2/2,0.01841
2007/2/5,0.018609
2007/2/6,0.018892
2007/2/7,0.019265
2007/2/8,0.020023
2007/2/9,0.021813
2007/2/12,0.024077
2007/2/13,0.026572
2007/2/14,0.02748
2007/2/15,0.029125
2007/2/16,0.028755
2007/2/17,0.028027
2007/2/25,0.026808
2007/2/26,0.02707
2007/2/27,0.027109
2007/2/28,0.027008
2007/3/1,0.026331
2007/3/2,0.025495
2007/3/5,0.024645
2007/3/6,0.023845
2007/3/7,0.023065
2007/3/8,0.022305
2007/3/9,0.021565
2007/3/12,0.020844
2007/3/13,0.020108
2007/3/14,0.019252
2007/3/15,0.018362
2007/3/16,0.0175
2007/3/19,0.016995
2007/3/20,0.016559
2007/3/21,0.016489
2007/3/22,0.01654
2007/3/23,0.016719
2007/3/26,0.016731
2007/3/27,0.016858
2007/3/28,0.017008
2007/3/29,0.017239
2007/3/30,0.017492
2007/4/2,0.017727
2007/4/3,0.017916
2007/4/4,0.018106
2007/4/5,0.0183
2007/4/6,0.018523
2007/4/9,0.01893
2007/4/10,0.019423
2007/4/11,0.019946
2007/4/12,0.020433
2007/4/13,0.020895
2007/4/16,0.021411
2007/4/17,0.022356
2007/4/18,0.023231
2007/4/19,0.024518
2007/4/20,0.026392
2007/4/23,0.028184
2007/4/24,0.030135
2007/4/25,0.032172
2007/4/26,0.033998
2007/4/27,0.034985
2007/4/28,0.034918
2007/4/29,0.033788
2007/4/30,0.032621
2007/5/8,0.031277
2007/5/9,0.030045
2007/5/10,0.028896
2007/5/11,0.027905
2007/5/14,0.028213
2007/5/15,0.02869
2007/5/16,0.028967
2007/5/17,0.029111
2007/5/18,0.029052
2007/5/21,0.028634
2007/5/22,0.028165
2007/5/23,0.027587
2007/5/24,0.02696
2007/5/25,0.026313
2007/5/28,0.025663
2007/5/29,0.025059
2007/5/30,0.02459
2007/5/31,0.024327
2007/6/1,0.024407
2007/6/4,0.024869
2007/6/5,0.025357
2007/6/6,0.025756
2007/6/7,0.026065
2007/6/8,0.026058
2007/6/11,0.025695
2007/6/12,0.025294
2007/6/13,0.024938
2007/6/14,0.024619
2007/6/15,0.025481
2007/6/18,0.027362
2007/6/19,0.029033
2007/6/20,0.030267
2007/6/21,0.030338
2007/6/22,0.029647
2007/6/25,0.028923
2007/6/26,0.028082
2007/6/27,0.027261
2007/6/28,0.026394
2007/6/29,0.025519
2007/7/2,0.02585
2007/7/3,0.026942
2007/7/4,0.028243
2007/7/5,0.027806
2007/7/6,0.02743
2007/7/9,0.027104
2007/7/10,0.027377
2007/7/11,0.028599
2007/7/12,0.02981
2007/7/13,0.030012
2007/7/16,0.029911
2007/7/17,0.029566
2007/7/18,0.029143
2007/7/19,0.028393
2007/7/20,0.027756
2007/7/23,0.027146
2007/7/24,0.026662
2007/7/25,0.026226
2007/7/26,0.025849
2007/7/27,0.025481
2007/7/30,0.02497
2007/7/31,0.024358
2007/8/1,0.024386
2007/8/2,0.024684
2007/8/3,0.024397
2007/8/6,0.023964
2007/8/7,0.023477
2007/8/8,0.02294
2007/8/9,0.022518
2007/8/10,0.022256
2007/8/13,0.022155
2007/8/14,0.022004
2007/8/15,0.021833
2007/8/16,0.021719
2007/8/17,0.021516
2007/8/20,0.021338
2007/8/21,0.02117
2007/8/22,0.021
2007/8/23,0.021091
2007/8/24,0.021376
2007/8/27,0.02169
2007/8/28,0.02187
2007/8/29,0.022056
2007/8/30,0.022208
2007/8/31,0.022682
2007/9/3,0.022913
2007/9/4,0.023148
2007/9/5,0.023046
2007/9/6,0.023139
2007/9/7,0.023298
2007/9/10,0.023874
2007/9/11,0.025281
2007/9/12,0.026691
2007/9/13,0.028042
2007/9/14,0.029469
2007/9/17,0.032566
2007/9/18,0.035614
2007/9/19,0.03836
2007/9/20,0.041489
2007/9/21,0.04454
2007/9/24,0.047411
2007/9/25,0.05016
2007/9/26,0.05279
2007/9/27,0.052818
2007/9/28,0.051124
2007/9/29,0.048275
2007/9/30,0.04561
2007/10/8,0.043261
2007/10/9,0.041114
2007/10/10,0.039195
2007/10/11,0.037414
2007/10/12,0.035688
2007/10/15,0.034222
2007/10/16,0.032971
2007/10/17,0.031797
2007/10/18,0.030519
2007/10/19,0.029341
2007/10/22,0.028424
2007/10/23,0.027941
2007/10/24,0.030676
2007/10/25,0.035336
2007/10/26,0.040477
2007/10/29,0.046429
2007/10/30,0.044617
2007/10/31,0.04313
2007/11/1,0.042058
2007/11/2,0.041153
2007/11/5,0.040392
2007/11/6,0.039665
2007/11/7,0.038982
2007/11/8,0.038301
2007/11/9,0.037338
2007/11/12,0.036523
2007/11/13,0.035446
2007/11/14,0.034302
2007/11/15,0.033102
2007/11/16,0.032054
2007/11/19,0.030985
2007/11/20,0.031092
2007/11/21,0.031621
2007/11/22,0.031998
2007/11/23,0.030145
2007/11/26,0.028738
2007/11/27,0.028613
2007/11/28,0.028446
2007/11/29,0.027636
2007/11/30,0.02777
2007/12/3,0.028121
2007/12/4,0.029597
2007/12/5,0.031062
2007/12/6,0.032169
2007/12/7,0.033008
2007/12/10,0.032206
2007/12/11,0.031571
2007/12/12,0.032685
2007/12/13,0.03421
2007/12/14,0.035915
2007/12/17,0.035891
2007/12/18,0.035537
2007/12/19,0.034696
2007/12/20,0.033509
2007/12/21,0.032604
2007/12/24,0.031495
2007/12/25,0.030417
2007/12/26,0.029553
2007/12/27,0.029059
2007/12/28,0.028393
2007/12/29,0.027968
2008/1/2,0.027714
2008/1/3,0.027567
2008/1/4,0.027529
2008/1/7,0.02737
2008/1/8,0.027417
2008/1/9,0.027191
2008/1/10,0.026663
2008/1/11,0.026115
2008/1/14,0.025133
2008/1/15,0.02452
2008/1/16,0.024362
2008/1/17,0.024422
2008/1/18,0.024715
2008/1/21,0.024922
2008/1/22,0.025223
2008/1/23,0.026668
2008/1/24,0.029101
2008/1/25,0.03156
2008/1/28,0.03211
2008/1/29,0.032007
2008/1/30,0.031824
2008/1/31,0.031908
2008/2/1,0.031964
2008/2/2,0.031755
2008/2/3,0.03147
2008/2/4,0.031317
2008/2/5,0.031161
2008/2/13,0.030694
2008/2/14,0.030363
2008/2/15,0.030078
2008/2/18,0.029725
2008/2/19,0.02937
2008/2/20,0.029032
2008/2/21,0.028788
2008/2/22,0.029866
2008/2/25,0.030637
2008/2/26,0.031832
2008/2/27,0.032591
2008/2/28,0.032091
2008/2/29,0.031718
2008/3/3,0.031372
2008/3/4,0.031015
2008/3/5,0.030475
2008/3/6,0.030004
2008/3/7,0.029568
2008/3/10,0.028959
2008/3/11,0.028358
2008/3/12,0.028045
2008/3/13,0.027955
2008/3/14,0.027719
2008/3/17,0.027508
2008/3/18,0.027308
2008/3/19,0.027062
2008/3/20,0.026799
2008/3/21,0.026349
2008/3/24,0.025923
2008/3/25,0.025389
2008/3/26,0.024957
2008/3/27,0.024865
2008/3/28,0.024701
2008/3/31,0.024557
2008/4/1,0.024961
2008/4/2,0.025577
2008/4/3,0.0262
2008/4/7,0.026391
2008/4/8,0.027063
2008/4/9,0.028057
2008/4/10,0.029318
2008/4/11,0.029922
2008/4/14,0.029799
2008/4/15,0.029966
2008/4/16,0.030291
2008/4/17,0.030698
2008/4/18,0.031053
2008/4/21,0.030879
2008/4/22,0.030692
2008/4/23,0.03051
2008/4/24,0.030237
2008/4/25,0.029979
2008/4/28,0.02997
2008/4/29,0.029911
2008/4/30,0.02987
2008/5/4,0.029675
2008/5/5,0.029475
2008/5/6,0.029534
2008/5/7,0.029515
2008/5/8,0.029513
2008/5/9,0.029422
2008/5/12,0.02935
2008/5/13,0.029656
2008/5/14,0.029989
2008/5/15,0.030347
2008/5/16,0.030778
2008/5/19,0.031631
2008/5/20,0.032508
2008/5/21,0.033297
2008/5/22,0.033834
2008/5/23,0.034407
2008/5/26,0.034586
2008/5/27,0.034705
2008/5/28,0.034736
2008/5/29,0.034408
2008/5/30,0.03425
2008/6/2,0.034041
2008/6/3,0.033825
2008/6/4,0.033623
2008/6/5,0.033584
2008/6/6,0.03359
2008/6/10,0.03363
2008/6/11,0.035333
2008/6/12,0.03598
2008/6/13,0.035968
2008/6/16,0.035706
2008/6/17,0.03532
2008/6/18,0.034918
2008/6/19,0.034523
2008/6/20,0.034391
2008/6/23,0.034028
2008/6/24,0.033623
2008/6/25,0.033296
2008/6/26,0.033109
2008/6/27,0.033097
2008/6/30,0.033096
2008/7/1,0.033101
2008/7/2,0.032802
2008/7/3,0.032696
2008/7/4,0.032304
2008/7/7,0.031969
2008/7/8,0.031757
2008/7/9,0.031487
2008/7/10,0.0313
2008/7/11,0.031004
2008/7/14,0.03061
2008/7/15,0.03054
2008/7/17,0.03037
2008/7/18,0.030303
2008/7/21,0.030425
2008/7/22,0.030416
2008/7/23,0.030407
2008/7/24,0.030324
2008/7/25,0.030335
2008/7/28,0.030333
2008/7/29,0.030402
2008/7/30,0.030813
2008/7/31,0.031145
2008/8/1,0.031878
2008/8/4,0.032566
2008/8/5,0.033248
2008/8/6,0.0339
2008/8/7,0.034348
2008/8/8,0.034215
2008/8/11,0.03405
2008/8/12,0.03383
2008/8/13,0.033617
2008/8/14,0.033464
2008/8/15,0.033376
2008/8/18,0.032825
2008/8/19,0.032853
2008/8/20,0.03273
2008/8/21,0.032601
2008/8/22,0.032367
2008/8/25,0.032251
2008/8/26,0.032025
2008/8/27,0.031817
2008/8/28,0.031602
2008/8/29,0.031557
2008/9/1,0.031304
2008/9/2,0.031083
2008/9/3,0.030913
2008/9/4,0.030749
2008/9/5,0.030802
2008/9/8,0.030688
2008/9/9,0.030511
2008/9/10,0.030507
2008/9/11,0.03043
2008/9/12,0.030373
2008/9/16,0.03038
2008/9/17,0.030269
2008/9/18,0.030335
2008/9/19,0.030523
2008/9/22,0.030869
2008/9/23,0.031262
2008/9/24,0.031603
2008/9/25,0.031818
2008/9/26,0.032068
2008/9/27,0.032305
2008/9/28,0.032588
2008/10/6,0.032615
2008/10/7,0.03296
2008/10/8,0.033462
2008/10/9,0.033503
2008/10/10,0.03352
2008/10/13,0.033674
2008/10/14,0.033683
2008/10/15,0.033511
2008/10/16,0.03343
2008/10/17,0.033319
2008/10/20,0.033093
2008/10/21,0.032805
2008/10/22,0.032515
2008/10/23,0.032147
2008/10/24,0.031876
2008/10/27,0.031637
2008/10/28,0.03135
2008/10/29,0.031054
2008/10/30,0.030826
2008/10/31,0.03058
2008/11/3,0.030271
2008/11/4,0.030023
2008/11/5,0.029839
2008/11/6,0.029644
2008/11/7,0.029466
2008/11/10,0.029225
2008/11/11,0.029018
2008/11/12,0.028854
2008/11/13,0.028684
2008/11/14,0.028437
2008/11/17,0.028261
2008/11/18,0.028086
2008/11/19,0.027869
2008/11/20,0.027681
2008/11/21,0.027464
2008/11/24,0.02718
2008/11/25,0.027013
2008/11/26,0.026844
2008/11/27,0.026644
2008/11/28,0.025892
2008/12/1,0.025339
2008/12/2,0.024699
2008/12/3,0.024089
2008/12/4,0.023565
2008/12/5,0.023083
2008/12/8,0.022524
2008/12/9,0.022004
2008/12/10,0.021421
2008/12/11,0.020718
2008/12/12,0.019963
2008/12/15,0.019364
2008/12/16,0.018796
2008/12/17,0.018289
2008/12/18,0.017737
2008/12/19,0.017175
2008/12/22,0.016715
2008/12/23,0.016254
2008/12/24,0.01583
2008/12/25,0.015286
2008/12/26,0.014886
2008/12/29,0.014457
2008/12/30,0.014062
2008/12/31,0.013621
2009/1/4,0.013138
2009/1/5,0.012686
2009/1/6,0.012301
2009/1/7,0.011943
2009/1/8,0.011654
2009/1/9,0.011398
2009/1/12,0.011132
2009/1/13,0.010877
2009/1/14,0.010635
2009/1/15,0.01042
2009/1/16,0.010208
2009/1/19,0.010041
2009/1/20,0.009875
2009/1/21,0.00969
2009/1/22,0.009596
2009/1/23,0.009626
2009/1/24,0.009652
2009/2/1,0.009528
2009/2/2,0.009455
2009/2/3,0.009399
2009/2/4,0.009391
2009/2/5,0.009395
2009/2/6,0.009389
2009/2/9,0.009384
2009/2/10,0.009382
2009/2/11,0.009379
2009/2/12,0.00937
2009/2/13,0.009371
2009/2/16,0.009404
2009/2/17,0.00943
2009/2/18,0.009468
2009/2/19,0.009494
2009/2/20,0.009504
2009/2/23,0.009562
2009/2/24,0.009625
2009/2/25,0.009618
2009/2/26,0.009603
2009/2/27,0.009602
2009/3/2,0.009593
2009/3/3,0.009599
2009/3/5,0.0096
2009/3/6,0.00959
2009/3/9,0.009561
2009/3/10,0.009576
2009/3/11,0.009569
2009/3/12,0.009582
2009/3/13,0.009566
2009/3/16,0.009557
2009/3/17,0.009585
2009/3/18,0.009564
2009/3/19,0.009515
2009/3/20,0.009541
2009/3/23,0.009562
2009/3/24,0.009572
2009/3/25,0.009556
2009/3/26,0.009535
2009/3/27,0.009515
2009/3/30,0.009538
2009/3/31,0.009528
2009/4/1,0.009513
2009/4/2,0.009517
2009/4/3,0.009529
2009/4/7,0.009537
2009/4/9,0.009542
2009/4/10,0.009539
2009/4/13,0.009532
2009/4/14,0.009497
2009/4/15,0.009454
2009/4/16,0.00943
2009/4/17,0.009419
2009/4/20,0.00939
2009/4/21,0.00936
2009/4/22,0.00934
2009/4/23,0.009362
2009/4/24,0.009393
2009/4/27,0.009435
2009/4/28,0.009439
2009/4/29,0.009446
2009/4/30,0.009445
2009/5/4,0.009458
2009/5/5,0.00946
2009/5/6,0.009447
2009/5/7,0.00944
2009/5/8,0.009438
2009/5/11,0.009434
2009/5/12,0.009425
2009/5/13,0.009448
2009/5/14,0.009454
2009/5/15,0.009457
2009/5/18,0.009476
2009/5/19,0.009492
2009/5/20,0.009513
2009/5/21,0.009538
2009/5/22,0.009545
2009/5/25,0.009563
2009/5/26,0.009558
2009/5/27,0.009562
2009/5/31,0.009564
2009/6/2,0.009541
2009/6/3,0.009539
2009/6/4,0.009543
2009/6/5,0.009541
2009/6/8,0.009531
2009/6/9,0.009534
2009/6/10,0.009524
2009/6/11,0.009514
2009/6/12,0.009502
2009/6/15,0.009491
2009/6/16,0.009483
2009/6/17,0.009479
2009/6/18,0.009478
2009/6/22,0.009524
2009/6/23,0.009676
2009/6/24,0.009833
2009/6/25,0.010056
2009/6/26,0.010203
2009/6/29,0.01037
2009/6/30,0.010563
2009/7/1,0.010748
2009/7/2,0.01087
2009/7/3,0.011098
2009/7/6,0.011265
2009/7/7,0.011396
2009/7/8,0.011511
2009/7/9,0.011622
2009/7/10,0.011731
2009/7/13,0.011827
2009/7/14,0.011954
2009/7/15,0.01219
2009/7/16,0.012472
2009/7/17,0.012807
2009/7/20,0.013151
2009/7/21,0.013633
2009/7/22,0.01447
2009/7/23,0.015161
2009/7/24,0.015663
2009/7/27,0.015869
2009/7/28,0.01595
2009/7/29,0.015978
2009/7/30,0.015981
2009/7/31,0.016082
2009/8/3,0.016489
2009/8/4,0.017084
2009/8/5,0.016943
2009/8/6,0.017139
2009/8/7,0.017104
2009/8/10,0.017068
2009/8/11,0.017057
2009/8/12,0.016939
2009/8/13,0.016768
2009/8/14,0.016547
2009/8/17,0.01631
2009/8/18,0.01607
2009/8/19,0.015652
2009/8/20,0.015265
2009/8/21,0.014941
2009/8/24,0.01466
2009/8/25,0.014451
2009/8/26,0.014326
2009/8/27,0.014248
2009/8/28,0.014149
2009/8/31,0.014045
2009/9/1,0.014012
2009/9/2,0.013944
2009/9/3,0.014057
2009/9/4,0.014318
2009/9/7,0.014607
2009/9/8,0.014854
2009/9/9,0.015071
2009/9/10,0.01525
2009/9/11,0.015278
2009/9/14,0.015204
2009/9/15,0.015152
2009/9/16,0.01513
2009/9/17,0.015134
2009/9/18,0.015121
2009/9/21,0.015192
2009/9/22,0.015328
2009/9/23,0.015423
2009/9/24,0.015488
2009/9/25,0.015753
2009/9/27,0.015836
2009/9/28,0.01588
2009/9/29,0.015913
2009/9/30,0.015997
2009/10/9,0.016239
2009/10/10,0.016301
2009/10/12,0.016328
2009/10/13,0.016267
2009/10/14,0.016212
2009/10/15,0.016153
2009/10/16,0.016087
2009/10/19,0.016026
2009/10/20,0.015986
2009/10/21,0.015908
2009/10/22,0.015874
2009/10/23,0.015766
2009/10/26,0.0156
2009/10/27,0.015506
2009/10/28,0.015372
2009/10/29,0.015265
2009/10/30,0.015112
2009/11/2,0.014918
2009/11/3,0.014742
2009/11/4,0.014714
2009/11/5,0.014532
2009/11/6,0.014485
2009/11/9,0.014443
2009/11/10,0.014448
2009/11/11,0.01446
2009/11/12,0.014463
2009/11/13,0.014475
2009/11/16,0.014497
2009/11/17,0.01439
2009/11/18,0.014367
2009/11/19,0.014307
2009/11/20,0.014263
2009/11/23,0.014286
2009/11/24,0.01432
2009/11/25,0.014283
2009/11/26,0.014272
2009/11/27,0.014282
2009/11/30,0.014331
2009/12/1,0.01437
2009/12/2,0.01438
2009/12/3,0.014426
2009/12/4,0.014479
2009/12/7,0.014537
2009/12/8,0.014586
2009/12/9,0.014545
2009/12/10,0.014562
2009/12/11,0.014567
2009/12/14,0.014591
2009/12/15,0.014627
2009/12/16,0.014622
2009/12/17,0.014597
2009/12/18,0.014609
2009/12/22,0.014588
2009/12/23,0.014582
2009/12/24,0.014524
2009/12/25,0.01446
2009/12/28,0.014474
2009/12/29,0.014558
2009/12/30,0.014706
2009/12/31,0.014829
2010/1/4,0.014908
2010/1/5,0.014818
2010/1/6,0.014725
2010/1/7,0.014649
2010/1/8,0.014551
2010/1/11,0.014482
2010/1/12,0.014391
2010/1/13,0.014342
2010/1/14,0.014278
2010/1/15,0.0143
2010/1/18,0.014286
2010/1/19,0.014237
2010/1/20,0.01416
2010/1/21,0.014208
2010/1/22,0.014186
2010/1/25,0.014256
2010/1/26,0.014166
2010/1/27,0.014276
2010/1/28,0.014406
2010/1/29,0.014811
2010/2/1,0.015207
2010/2/2,0.01553
2010/2/3,0.015806
2010/2/4,0.016025
2010/2/5,0.016256
2010/2/8,0.0164
2010/2/9,0.01664
2010/2/10,0.016926
2010/2/11,0.017353
2010/2/12,0.018475
2010/2/20,0.019293
2010/2/21,0.019367
2010/2/22,0.018999
2010/2/23,0.018627
2010/2/24,0.018418
2010/2/25,0.018281
2010/2/26,0.018213
2010/3/1,0.018105
2010/3/2,0.017975
2010/3/3,0.017882
2010/3/4,0.017851
2010/3/5,0.017742
2010/3/8,0.017648
2010/3/9,0.017515
2010/3/10,0.017441
2010/3/11,0.017456
2010/3/12,0.017388
2010/3/15,0.017294
2010/3/16,0.01714
2010/3/17,0.016893
2010/3/18,0.016716
2010/3/19,0.016651
2010/3/22,0.016644
2010/3/23,0.016605
2010/3/24,0.016532
2010/3/25,0.016442
2010/3/26,0.016362
2010/3/29,0.016271
2010/3/30,0.016169
2010/3/31,0.016158
2010/4/1,0.016118
2010/4/2,0.016061
2010/4/6,0.016029
2010/4/7,0.016038
2010/4/8,0.016111
2010/4/9,0.016183
2010/4/12,0.016253
2010/4/13,0.016267
2010/4/14,0.016333
2010/4/15,0.016363
2010/4/16,0.016413
2010/4/19,0.016452
2010/4/20,0.016392
2010/4/21,0.016408
2010/4/22,0.016464
2010/4/23,0.016478
2010/4/26,0.016546
2010/4/27,0.016552
2010/4/28,0.016563
2010/4/29,0.016523
2010/4/30,0.016478
2010/5/4,0.016441
2010/5/5,0.016422
2010/5/6,0.01644
2010/5/7,0.016495
2010/5/10,0.016551
2010/5/11,0.016593
2010/5/12,0.016647
2010/5/13,0.016715
2010/5/14,0.01679
2010/5/17,0.016863
2010/5/18,0.016916
2010/5/19,0.016988
2010/5/20,0.017079
2010/5/21,0.017169
2010/5/24,0.017295
2010/5/25,0.017462
2010/5/26,0.01769
2010/5/27,0.018174
2010/5/28,0.018863
2010/5/31,0.019395
2010/6/1,0.020058
2010/6/2,0.021378
2010/6/3,0.022665
2010/6/4,0.023706
2010/6/7,0.023638
2010/6/8,0.023269
2010/6/9,0.023217
2010/6/10,0.023208
2010/6/11,0.023491
2010/6/12,0.023989
2010/6/13,0.024491
2010/6/17,0.024798
2010/6/18,0.025063
2010/6/21,0.02542
2010/6/22,0.02567
2010/6/23,0.026051
2010/6/24,0.026253
2010/6/25,0.026602
2010/6/28,0.027139
2010/6/29,0.027328
2010/6/30,0.027513
2010/7/1,0.02732
2010/7/2,0.027147
2010/7/5,0.026952
2010/7/6,0.026874
2010/7/7,0.026979
2010/7/8,0.026803
2010/7/9,0.02656
2010/7/12,0.026196
2010/7/13,0.025582
2010/7/14,0.024942
2010/7/15,0.024192
2010/7/16,0.023573
2010/7/19,0.022987
2010/7/20,0.02245
2010/7/21,0.021897
2010/7/22,0.021445
2010/7/23,0.020877
2010/7/26,0.020383
2010/7/27,0.01993
2010/7/28,0.019521
2010/7/29,0.019132
2010/7/30,0.018764
2010/8/2,0.018433
2010/8/3,0.018104
2010/8/4,0.017839
2010/8/5,0.017576
2010/8/6,0.017412
2010/8/9,0.017274
2010/8/10,0.017174
2010/8/11,0.017163
2010/8/12,0.017134
2010/8/16,0.017139
2010/8/17,0.017187
2010/8/18,0.017253
2010/8/19,0.017281
2010/8/20,0.017299
2010/8/23,0.017311
2010/8/24,0.017299
2010/8/25,0.017333
2010/8/26,0.017389
2010/8/27,0.017506
2010/8/30,0.018065
2010/8/31,0.018826
2010/9/1,0.019968
2010/9/2,0.021258
2010/9/3,0.021709
2010/9/6,0.021972
2010/9/7,0.022111
2010/9/8,0.02223
2010/9/9,0.022311
2010/9/10,0.022446
2010/9/13,0.022573
2010/9/14,0.022799
2010/9/15,0.022983
2010/9/16,0.023034
2010/9/17,0.023366
2010/9/19,0.023103
2010/9/20,0.022863
2010/9/21,0.022926
2010/9/25,0.02297
2010/9/26,0.023004
2010/9/27,0.023739
2010/9/28,0.023801
2010/9/29,0.023903
2010/9/30,0.024183
2010/10/8,0.024629
2010/10/9,0.024883
2010/10/11,0.024293
2010/10/12,0.023818
2010/10/13,0.023342
2010/10/14,0.022914
2010/10/15,0.022534
2010/10/18,0.022173
2010/10/19,0.021862
2010/10/20,0.021559
2010/10/21,0.021292
2010/10/22,0.02111
2010/10/25,0.020946
2010/10/26,0.020755
2010/10/27,0.02059
2010/10/28,0.020535
2010/10/29,0.020353
2010/11/1,0.020269
2010/11/2,0.020153
2010/11/3,0.019823
2010/11/4,0.019521
2010/11/5,0.019267
2010/11/8,0.01894
2010/11/9,0.018654
2010/11/10,0.018412
2010/11/11,0.01818
2010/11/12,0.018018
2010/11/15,0.017887
2010/11/17,0.017806
2010/11/18,0.017935
2010/11/19,0.018141
2010/11/22,0.018416
2010/11/23,0.018748
2010/11/24,0.019109
2010/11/25,0.019549
2010/11/26,0.020153
2010/11/29,0.0209
2010/11/30,0.021582
2010/12/1,0.022878
2010/12/2,0.024082
2010/12/3,0.025172
2010/12/6,0.026184
2010/12/7,0.026816
2010/12/8,0.026469
2010/12/9,0.026484
2010/12/10,0.026478
2010/12/13,0.02646
2010/12/14,0.026529
2010/12/15,0.027353
2010/12/16,0.028449
2010/12/17,0.029187
2010/12/20,0.03017
2010/12/21,0.03085
2010/12/22,0.032022
2010/12/23,0.033183
2010/12/24,0.035854
2010/12/27,0.037942
2010/12/28,0.039519
2010/12/29,0.041612
2010/12/30,0.043847
2010/12/31,0.04613
2011/1/4,0.046956
2011/1/5,0.046687
2011/1/6,0.045524
2011/1/7,0.044306
2011/1/10,0.042895
2011/1/11,0.041159
2011/1/12,0.039645
2011/1/13,0.03819
2011/1/14,0.036638
2011/1/17,0.03549
2011/1/18,0.034453
2011/1/19,0.033752
2011/1/20,0.034389
2011/1/21,0.037108
2011/1/24,0.040801
2011/1/25,0.041848
2011/1/26,0.045406
2011/1/27,0.048675
2011/1/28,0.052073
2011/1/30,0.054863
2011/1/31,0.058229
2011/2/1,0.060944
2011/2/9,0.058457
2011/2/10,0.057089
2011/2/11,0.055703
2011/2/12,0.05446
2011/2/14,0.052011
2011/2/15,0.049822
2011/2/16,0.047771
2011/2/17,0.045822
2011/2/18,0.044387
2011/2/21,0.042954
2011/2/22,0.04492
2011/2/23,0.046498
2011/2/24,0.047739
2011/2/25,0.046371
2011/2/28,0.044305
2011/3/1,0.042247
2011/3/2,0.040283
2011/3/3,0.038538
2011/3/4,0.036306
2011/3/7,0.034073
2011/3/8,0.032785
2011/3/9,0.03152
2011/3/10,0.030333
2011/3/11,0.029388
2011/3/14,0.028488
2011/3/15,0.027613
2011/3/16,0.026824
2011/3/17,0.026111
2011/3/18,0.025424
2011/3/21,0.024827
2011/3/22,0.024749
2011/3/23,0.024531
2011/3/24,0.024204
2011/3/25,0.024305
2011/3/28,0.02403
2011/3/29,0.023825
2011/3/30,0.023467
2011/3/31,0.023669
2011/4/1,0.024158
2011/4/2,0.024587
2011/4/6,0.024441
2011/4/8,0.024089
2011/4/11,0.024189
2011/4/12,0.023814
2011/4/13,0.023473
2011/4/14,0.023158
2011/4/15,0.023287
2011/4/18,0.023381
2011/4/19,0.023814
2011/4/20,0.024341
2011/4/21,0.024874
2011/4/22,0.026399
2011/4/25,0.027377
2011/4/26,0.028907
2011/4/27,0.030613
2011/4/28,0.031439
2011/4/29,0.031414
2011/5/3,0.031256
2011/5/4,0.031146
2011/5/5,0.031161
2011/5/6,0.031125
2011/5/9,0.030927
2011/5/10,0.030673
2011/5/11,0.030548
2011/5/12,0.03043
2011/5/13,0.030294
2011/5/16,0.031015
2011/5/17,0.032796
2011/5/18,0.034285
2011/5/19,0.034196
2011/5/20,0.034487
2011/5/23,0.035078
2011/5/24,0.036358
2011/5/25,0.037492
2011/5/26,0.039058
2011/5/27,0.040287
2011/5/30,0.040834
2011/5/31,0.040389
2011/6/1,0.040365
2011/6/2,0.040397
2011/6/3,0.04002
2011/6/7,0.039657
2011/6/8,0.039079
2011/6/9,0.039168
2011/6/10,0.039584
2011/6/13,0.040468
2011/6/14,0.041029
2011/6/15,0.041016
2011/6/16,0.0432
2011/6/17,0.045818
2011/6/20,0.048228
2011/6/21,0.051195
2011/6/22,0.054678
2011/6/23,0.058343
2011/6/24,0.061841
2011/6/27,0.064387
2011/6/28,0.065586
2011/6/29,0.066157
2011/6/30,0.066358
2011/7/1,0.066721
2011/7/4,0.066403
2011/7/5,0.064956
2011/7/6,0.065924
2011/7/7,0.067245
2011/7/8,0.066471
2011/7/11,0.066272
2011/7/12,0.06522
2011/7/13,0.063809
2011/7/14,0.061091
2011/7/15,0.059832
2011/7/18,0.057766
2011/7/19,0.056166
2011/7/20,0.054688
2011/7/21,0.054177
2011/7/22,0.054127
2011/7/25,0.053706
2011/7/26,0.05331
2011/7/27,0.052778
2011/7/28,0.052278
2011/7/29,0.051894
2011/8/1,0.051712
2011/8/2,0.051609
2011/8/3,0.051024
2011/8/4,0.049595
2011/8/5,0.0477
2011/8/8,0.045617
2011/8/9,0.043844
2011/8/10,0.04242
2011/8/11,0.041299
2011/8/12,0.040072
2011/8/15,0.039072
2011/8/16,0.038264
2011/8/17,0.037499
2011/8/18,0.036682
2011/8/19,0.036515
2011/8/22,0.03714
2011/8/23,0.038262
2011/8/24,0.039524
2011/8/25,0.039888
2011/8/26,0.04025
2011/8/29,0.040126
2011/8/30,0.040387
2011/8/31,0.04123
2011/9/1,0.042107
2011/9/2,0.042835
2011/9/5,0.042969
2011/9/6,0.043808
2011/9/7,0.044124
2011/9/8,0.044265
2011/9/9,0.044022
2011/9/13,0.043416
2011/9/14,0.042472
2011/9/15,0.041625
2011/9/16,0.040892
2011/9/19,0.040113
2011/9/20,0.039567
2011/9/21,0.039436
2011/9/22,0.039384
2011/9/23,0.039287
2011/9/26,0.039404
2011/9/27,0.039221
2011/9/28,0.039944
2011/9/29,0.040699
2011/9/30,0.041627
2011/10/8,0.042467
2011/10/9,0.043238
2011/10/10,0.043653
2011/10/11,0.043715
2011/10/12,0.043544
2011/10/13,0.042528
2011/10/14,0.041456
2011/10/17,0.040532
2011/10/18,0.039906
2011/10/19,0.039468
2011/10/20,0.038953
2011/10/21,0.03855
2011/10/24,0.038093
2011/10/25,0.037627
2011/10/26,0.037857
2011/10/27,0.038145
2011/10/28,0.038942
2011/10/31,0.040037
2011/11/1,0.040929
2011/11/2,0.041085
2011/11/3,0.040515
2011/11/4,0.039693
2011/11/7,0.039062
2011/11/8,0.038634
2011/11/9,0.038261
2011/11/10,0.038025
2011/11/11,0.037788
2011/11/14,0.037601
2011/11/15,0.037184
2011/11/16,0.036795
2011/11/17,0.03651
2011/11/18,0.036445
2011/11/21,0.036545
2011/11/22,0.037187
2011/11/23,0.037879
2011/11/24,0.038425
2011/11/25,0.038622
2011/11/28,0.038621
2011/11/29,0.038576
2011/11/30,0.038288
2011/12/1,0.038461
2011/12/2,0.038675
2011/12/5,0.038529
2011/12/6,0.037988
2011/12/7,0.037581
2011/12/8,0.037284
2011/12/9,0.037047
2011/12/12,0.036887
2011/12/13,0.036792
2011/12/14,0.036646
2011/12/15,0.036233
2011/12/16,0.036063
2011/12/19,0.035485
2011/12/20,0.034821
2011/12/21,0.03441
2011/12/22,0.034431
2011/12/23,0.034665
2011/12/26,0.03486
2011/12/27,0.03552
2011/12/28,0.036462
2011/12/29,0.037634
2011/12/30,0.039343
2011/12/31,0.041155
2012/1/4,0.043639
2012/1/5,0.043495
2012/1/6,0.043791
2012/1/9,0.043862
2012/1/10,0.044142
2012/1/11,0.043933
2012/1/12,0.043657
2012/1/13,0.043648
2012/1/16,0.044358
2012/1/17,0.046379
2012/1/18,0.049295
2012/1/19,0.052517
2012/1/20,0.053526
2012/1/21,0.053407
2012/1/29,0.052039
2012/1/30,0.051162
2012/1/31,0.050464
2012/2/1,0.049745
2012/2/2,0.049017
2012/2/3,0.0483
2012/2/6,0.04649
2012/2/7,0.045307
2012/2/8,0.044223
2012/2/9,0.043495
2012/2/10,0.042749
2012/2/13,0.042101
2012/2/14,0.041549
2012/2/15,0.041156
2012/2/16,0.04081
2012/2/17,0.040777
2012/2/20,0.041592
2012/2/21,0.042311
2012/2/22,0.043115
2012/2/23,0.043846
2012/2/24,0.045136
2012/2/27,0.045148
2012/2/28,0.04427
2012/2/29,0.043471
2012/3/1,0.042552
2012/3/2,0.041507
2012/3/5,0.040714
2012/3/6,0.039841
2012/3/7,0.039024
2012/3/8,0.038202
2012/3/9,0.037293
2012/3/12,0.036523
2012/3/13,0.035621
2012/3/14,0.034992
2012/3/15,0.0344
2012/3/16,0.033662
2012/3/19,0.032855
2012/3/20,0.0321
2012/3/21,0.031562
2012/3/22,0.031173
2012/3/23,0.030851
2012/3/26,0.030502
2012/3/27,0.030668
2012/3/28,0.030827
2012/3/29,0.031243
2012/3/30,0.03163
2012/3/31,0.032193
2012/4/1,0.032455
2012/4/5,0.032684
2012/4/6,0.033474
2012/4/9,0.034476
2012/4/10,0.034872
2012/4/11,0.035211
2012/4/12,0.035569
2012/4/13,0.035914
2012/4/16,0.036254
2012/4/17,0.036563
2012/4/18,0.0368
2012/4/19,0.03699
2012/4/20,0.037205
2012/4/23,0.037532
2012/4/24,0.037696
2012/4/25,0.037735
2012/4/26,0.037976
2012/4/27,0.038222
2012/4/28,0.038336
2012/5/2,0.038307
2012/5/3,0.038344
2012/5/4,0.038422
2012/5/7,0.038396
2012/5/8,0.038248
2012/5/9,0.038136
2012/5/10,0.037641
2012/5/11,0.037074
2012/5/14,0.036511
2012/5/15,0.03592
2012/5/16,0.035083
2012/5/17,0.034277
2012/5/18,0.033436
2012/5/21,0.03267
2012/5/22,0.031932
2012/5/23,0.031309
2012/5/24,0.030472
2012/5/25,0.029466
2012/5/28,0.028822
2012/5/29,0.028252
2012/5/30,0.027843
2012/5/31,0.027213
2012/6/1,0.026447
2012/6/4,0.02597
2012/6/5,0.025715
2012/6/6,0.02556
2012/6/7,0.025476
2012/6/8,0.025514
2012/6/11,0.025319
2012/6/12,0.025111
2012/6/13,0.025104
2012/6/14,0.025259
2012/6/15,0.025423
2012/6/18,0.0256
2012/6/19,0.025591
2012/6/20,0.026014
2012/6/21,0.026946
2012/6/25,0.028763
2012/6/26,0.030233
2012/6/27,0.031671
2012/6/28,0.032907
2012/6/29,0.033794
2012/7/2,0.034794
2012/7/3,0.035699
2012/7/4,0.036508
2012/7/5,0.036906
2012/7/6,0.037429
2012/7/9,0.037321
2012/7/10,0.037128
2012/7/11,0.036923
2012/7/12,0.036672
2012/7/13,0.036334
2012/7/16,0.036175
2012/7/17,0.035957
2012/7/18,0.035788
2012/7/19,0.035766
2012/7/20,0.035738
2012/7/23,0.035624
2012/7/24,0.035529
2012/7/25,0.035241
2012/7/26,0.034933
2012/7/27,0.034738
2012/7/30,0.034285
2012/7/31,0.03386
2012/8/1,0.0337
2012/8/2,0.033665
2012/8/3,0.033694
2012/8/6,0.0337
2012/8/7,0.033745
2012/8/8,0.033625
2012/8/9,0.033532
2012/8/10,0.033492
2012/8/13,0.033436
2012/8/14,0.033446
2012/8/15,0.033465
2012/8/16,0.033533
2012/8/17,0.033713
2012/8/20,0.03423
2012/8/21,0.034419
2012/8/22,0.034747
2012/8/23,0.035113
2012/8/24,0.035443
2012/8/27,0.035583
2012/8/28,0.035538
2012/8/29,0.035083
2012/8/30,0.035116
2012/8/31,0.035214
2012/9/3,0.035234
2012/9/4,0.035095
2012/9/5,0.034064
2012/9/6,0.034109
2012/9/7,0.034121
2012/9/10,0.03413
2012/9/11,0.03371
2012/9/12,0.033316
2012/9/13,0.03341
2012/9/14,0.033474
2012/9/17,0.033401
2012/9/18,0.033253
2012/9/19,0.032999
2012/9/20,0.032951
2012/9/21,0.033536
2012/9/24,0.034633
2012/9/25,0.035745
2012/9/26,0.037037
2012/9/27,0.037232
2012/9/28,0.037335
2012/9/29,0.036629
2012/10/8,0.036104
2012/10/9,0.036519
2012/10/10,0.036675
2012/10/11,0.036184
2012/10/12,0.035756
2012/10/15,0.035432
2012/10/16,0.03474
2012/10/17,0.034033
2012/10/18,0.033464
2012/10/19,0.032761
2012/10/22,0.032136
2012/10/23,0.03162
2012/10/24,0.031337
2012/10/25,0.031244
2012/10/26,0.031563
2012/10/29,0.031945
2012/10/30,0.032902
2012/10/31,0.0328
2012/11/1,0.03266
2012/11/2,0.032878
2012/11/5,0.033015
2012/11/6,0.03296
2012/11/7,0.032785
2012/11/8,0.032631
2012/11/9,0.032663
2012/11/12,0.03251
2012/11/13,0.032421
2012/11/14,0.03241
2012/11/15,0.032582
2012/11/16,0.032745
2012/11/19,0.032453
2012/11/20,0.032488
2012/11/21,0.032645
2012/11/22,0.03262
2012/11/23,0.03253
2012/11/26,0.03201
2012/11/27,0.031485
2012/11/28,0.031185
2012/11/29,0.031424
2012/11/30,0.031585
2012/12/3,0.031785
2012/12/4,0.031945
2012/12/5,0.031608
2012/12/6,0.031229
2012/12/7,0.03095
2012/12/10,0.03089
2012/12/11,0.030838
2012/12/12,0.030757
2012/12/13,0.030641
2012/12/14,0.030193
2012/12/17,0.030193
2012/12/18,0.030177
2012/12/19,0.030112
2012/12/20,0.030113
2012/12/21,0.030565
2012/12/24,0.030988
2012/12/25,0.031091
2012/12/26,0.031775
2012/12/27,0.032418
2012/12/28,0.03339
2012/12/31,0.034214
2013/1/4,0.035458
2013/1/5,0.036096
2013/1/6,0.036314
2013/1/7,0.036284
2013/1/8,0.035894
2013/1/9,0.035481
2013/1/10,0.035002
2013/1/11,0.034469
2013/1/14,0.033839
2013/1/15,0.033228
2013/1/16,0.032734
2013/1/17,0.032257
2013/1/18,0.031788
2013/1/21,0.031402
2013/1/22,0.031144
2013/1/23,0.030997
2013/1/24,0.030769
2013/1/25,0.030386
2013/1/28,0.029844
2013/1/29,0.029661
2013/1/30,0.029551
2013/1/31,0.029663
2013/2/1,0.029851
2013/2/4,0.030142
2013/2/5,0.030595
2013/2/6,0.030924
2013/2/7,0.031605
2013/2/8,0.032633
2013/2/16,0.033094
2013/2/17,0.032579
2013/2/18,0.032296
2013/2/19,0.032034
2013/2/20,0.031803
2013/2/21,0.03161
2013/2/22,0.031474
2013/2/25,0.031452
2013/2/26,0.031635
2013/2/27,0.032392
2013/2/28,0.033571
2013/3/1,0.034632
2013/3/4,0.035717
2013/3/5,0.036532
2013/3/6,0.0361
2013/3/7,0.035482
2013/3/8,0.03442
2013/3/11,0.033417
2013/3/12,0.032982
2013/3/13,0.032582
2013/3/14,0.032283
2013/3/15,0.03222
2013/3/18,0.032422
2013/3/19,0.032251
2013/3/20,0.032024
2013/3/21,0.032163
2013/3/22,0.032039
2013/3/25,0.031783
2013/3/26,0.031488
2013/3/27,0.031264
2013/3/28,0.030799
2013/3/29,0.030716
2013/4/1,0.030891
2013/4/2,0.031042
2013/4/3,0.031362
2013/4/7,0.031506
2013/4/8,0.031783
2013/4/9,0.032007
2013/4/10,0.032117
2013/4/11,0.032147
2013/4/12,0.031967
2013/4/15,0.03172
2013/4/16,0.031471
2013/4/17,0.031356
2013/4/18,0.031237
2013/4/19,0.030974
2013/4/22,0.030987
2013/4/23,0.031074
2013/4/24,0.031673
2013/4/25,0.033365
2013/4/26,0.035197
2013/4/27,0.035288
2013/4/28,0.035264
2013/5/2,0.034714
2013/5/3,0.034166
2013/5/6,0.033986
2013/5/7,0.033786
2013/5/8,0.03359
2013/5/9,0.033209
2013/5/10,0.033001
2013/5/13,0.032697
2013/5/14,0.03236
2013/5/15,0.031939
2013/5/16,0.031521
2013/5/17,0.031608
2013/5/20,0.032225
2013/5/21,0.033471
2013/5/22,0.034662
2013/5/23,0.035228
2013/5/24,0.035771
2013/5/27,0.036161
2013/5/28,0.036678
2013/5/29,0.03657
2013/5/30,0.036733
2013/5/31,0.037391
2013/6/3,0.038612
2013/6/4,0.039565
2013/6/5,0.040531
2013/6/6,0.041494
2013/6/7,0.042892
2013/6/8,0.045823
2013/6/9,0.049546
2013/6/13,0.050968
2013/6/14,0.052712
2013/6/17,0.054771
2013/6/18,0.056557
2013/6/19,0.057996
2013/6/20,0.06079
2013/6/21,0.067029
2013/6/24,0.07013
2013/6/25,0.071137
2013/6/26,0.071927
2013/6/27,0.072611
2013/6/28,0.072626
2013/7/1,0.071949
2013/7/2,0.070482
2013/7/3,0.068438
2013/7/4,0.066008
2013/7/5,0.063491
2013/7/8,0.060958
2013/7/9,0.058261
2013/7/10,0.055585
2013/7/11,0.053446
2013/7/12,0.051672
2013/7/15,0.049957
2013/7/16,0.048394
2013/7/17,0.046882
2013/7/18,0.045165
2013/7/19,0.043188
2013/7/22,0.041809
2013/7/23,0.041012
2013/7/24,0.040383
2013/7/25,0.039864
2013/7/26,0.039754
2013/7/29,0.039869
2013/7/30,0.040832
2013/7/31,0.041693
2013/8/1,0.042555
2013/8/2,0.042957
2013/8/5,0.043079
2013/8/6,0.043224
2013/8/7,0.043147
2013/8/8,0.042809
2013/8/9,0.042363
2013/8/12,0.041815
2013/8/13,0.041345
2013/8/14,0.040988
2013/8/15,0.040831
2013/8/16,0.040812
2013/8/19,0.040591
2013/8/20,0.040737
2013/8/21,0.041211
2013/8/22,0.041436
2013/8/23,0.041429
2013/8/27,0.041187
2013/8/28,0.041191
2013/8/29,0.041239
2013/8/30,0.041405
2013/9/2,0.040946
2013/9/3,0.040539
2013/9/4,0.040183
2013/9/5,0.039647
2013/9/6,0.039148
2013/9/9,0.038722
2013/9/10,0.038423
2013/9/11,0.038215
2013/9/12,0.037853
2013/9/13,0.037589
2013/9/16,0.037397
2013/9/17,0.037072
2013/9/18,0.036893
2013/9/22,0.036941
2013/9/23,0.037198
2013/9/24,0.037847
2013/9/25,0.038587
2013/9/26,0.038704
2013/9/27,0.03887
2013/9/29,0.03859
2013/9/30,0.038602
2013/10/8,0.039032
2013/10/9,0.039605
2013/10/10,0.040295
2013/10/11,0.040875
2013/10/12,0.04115
2013/10/14,0.041368
2013/10/15,0.041118
2013/10/16,0.040939
2013/10/17,0.040224
2013/10/18,0.039595
2013/10/21,0.039175
2013/10/22,0.038843
2013/10/23,0.038524
2013/10/24,0.03871
2013/10/25,0.039597
2013/10/28,0.040663
2013/10/29,0.041662
2013/10/30,0.042593
2013/10/31,0.044202
2013/11/1,0.044942
2013/11/4,0.045094
2013/11/5,0.045022
2013/11/6,0.044743
2013/11/7,0.044107
2013/11/8,0.043594
2013/11/11,0.043177
2013/11/12,0.042732
2013/11/13,0.042086
2013/11/14,0.041731
2013/11/15,0.041985
2013/11/18,0.043423
2013/11/19,0.044718
2013/11/20,0.04535
2013/11/21,0.045732
2013/11/22,0.046047
2013/11/25,0.046272
2013/11/26,0.046457
2013/11/27,0.046518
2013/11/28,0.046486
2013/11/29,0.046712
2013/12/2,0.04677
2013/12/3,0.046757
2013/12/4,0.04677
2013/12/5,0.046791
2013/12/6,0.046799
2013/12/9,0.046776
2013/12/10,0.046713
2013/12/11,0.046633
2013/12/12,0.04644
2013/12/13,0.04614
2013/12/16,0.045682
2013/12/17,0.045411
2013/12/18,0.045601
2013/12/19,0.04741
2013/12/20,0.049834
2013/12/23,0.053276
2013/12/24,0.057182
2013/12/25,0.058122
2013/12/26,0.058039
2013/12/27,0.057682
2013/12/30,0.057141
2013/12/31,0.056481
2014/1/2,0.056386
2014/1/3,0.055885
2014/1/6,0.055103
2014/1/7,0.054291
2014/1/8,0.053205
2014/1/9,0.052044
2014/1/10,0.050922
2014/1/13,0.049917
2014/1/14,0.04899
2014/1/15,0.048135
2014/1/16,0.047293
2014/1/17,0.046642
2014/1/20,0.046791
2014/1/21,0.048243
2014/1/22,0.048351
2014/1/23,0.048578
2014/1/24,0.049033
2014/1/26,0.048684
2014/1/27,0.048625
2014/1/28,0.048715
2014/1/29,0.048935
2014/1/30,0.049398
2014/2/7,0.049479
2014/2/8,0.050048
2014/2/10,0.050415
2014/2/11,0.050851
2014/2/12,0.05115
2014/2/13,0.051413
2014/2/14,0.051444
2014/2/17,0.050775
2014/2/18,0.049637
2014/2/19,0.048463
2014/2/20,0.047249
2014/2/21,0.045839
2014/2/24,0.044357
2014/2/25,0.042985
2014/2/26,0.041653
2014/2/27,0.040432
2014/2/28,0.039666
2014/3/3,0.039012
2014/3/4,0.037665
2014/3/5,0.037132
2014/3/6,0.036996
2014/3/7,0.035425
2014/3/10,0.033933
2014/3/11,0.032468
2014/3/12,0.031106
2014/3/13,0.02983
2014/3/14,0.029
2014/3/17,0.028414
2014/3/18,0.028057
2014/3/19,0.027989
2014/3/20,0.028529
2014/3/21,0.029083
2014/3/24,0.029695
2014/3/25,0.030295
2014/3/26,0.030912
2014/3/27,0.031757
2014/3/28,0.03348
2014/3/31,0.034376
2014/4/1,0.03527
2014/4/2,0.036001
2014/4/3,0.036609
2014/4/4,0.037252
2014/4/8,0.036704
2014/4/9,0.036849
2014/4/10,0.037073
2014/4/11,0.037311
2014/4/14,0.037508
2014/4/15,0.037457
2014/4/16,0.037277
2014/4/17,0.036357
2014/4/18,0.035436
2014/4/21,0.034641
2014/4/22,0.033821
2014/4/23,0.033453
2014/4/24,0.03315
2014/4/25,0.033287
2014/4/28,0.033234
2014/4/29,0.033831
2014/4/30,0.034473
2014/5/4,0.035032
2014/5/5,0.035061
2014/5/6,0.034578
2014/5/7,0.034282
2014/5/8,0.033913
2014/5/9,0.033666
2014/5/12,0.033408
2014/5/13,0.033151
2014/5/14,0.032977
2014/5/15,0.032867
2014/5/16,0.032786
