1997/8/5,0.108
1997/8/6,0.105291
1997/8/7,0.102841
1997/8/8,0.100623
1997/8/11,0.098616
1997/8/12,0.096799
1997/8/13,0.095155
1997/8/14,0.093667
1997/8/15,0.092321
1997/8/18,0.091102
1997/8/19,0.09
1997/10/28,0.09018
1997/10/29,0.090343
1997/10/30,0.090491
1997/10/31,0.089542
1997/11/3,0.088683
1997/11/4,0.087905
1997/11/5,0.087201
1997/11/6,0.086565
1997/11/7,0.085988
1997/11/10,0.085467
1997/11/11,0.084928
1997/11/12,0.084621
1997/11/13,0.084343
1997/11/14,0.084491
1997/11/17,0.084625
1997/11/18,0.084746
1997/11/19,0.084901
1997/11/20,0.085041
1997/11/21,0.085168
1997/11/24,0.085237
1997/11/25,0.0853
1997/11/26,0.085324
1997/11/27,0.085346
1997/11/28,0.085366
1997/12/1,0.085384
1997/12/2,0.085401
1997/12/3,0.085399
1997/12/4,0.085397
1997/12/5,0.086896
1997/12/8,0.08827
1997/12/9,0.089512
1997/12/10,0.090625
1997/12/11,0.091631
1997/12/12,0.092542
1997/12/15,0.093367
1997/12/16,0.094113
1997/12/17,0.094788
1997/12/18,0.0954
1998/1/9,0.093684
1998/1/12,0.092464
1998/1/13,0.091028
1998/1/14,0.090089
1998/1/15,0.089239
1998/1/16,0.088471
1998/1/19,0.087775
1998/1/20,0.087145
1998/1/21,0.086515
1998/1/22,0.085945
1998/1/23,0.086212
1998/1/24,0.086331
1998/1/25,0.08656
1998/1/26,0.086635
1998/1/27,0.086703
1998/2/4,0.086765
1998/2/5,0.08682
1998/2/6,0.086871
1998/2/9,0.086938
1998/2/10,0.087
1998/2/12,0.086819
1998/2/13,0.086656
1998/2/16,0.086508
1998/2/17,0.086509
1998/2/18,0.086405
1998/2/19,0.086281
1998/2/20,0.086169
1998/2/23,0.086067
1998/2/24,0.085975
1998/2/25,0.085892
1998/2/26,0.085883
1998/2/27,0.085875
1998/3/2,0.085868
1998/3/3,0.085812
1998/3/4,0.0858
1998/3/6,0.08598
1998/3/9,0.086143
1998/3/10,0.086291
1998/3/11,0.086335
1998/3/12,0.086374
1998/3/13,0.08641
1998/3/16,0.086442
1998/3/17,0.086471
1998/3/18,0.086498
1998/3/19,0.086522
1998/3/20,0.086477
1998/3/23,0.086436
1998/3/24,0.086309
1998/3/25,0.086228
1998/3/26,0.086154
1998/3/27,0.086087
1998/3/30,0.086026
1998/3/31,0.083624
1998/4/1,0.081451
1998/4/2,0.079484
1998/4/3,0.077704
1998/4/6,0.076363
1998/4/7,0.075184
1998/4/8,0.074116
1998/4/9,0.07315
1998/4/10,0.072275
1998/4/13,0.071484
1998/4/14,0.071633
1998/4/15,0.071767
1998/4/16,0.071889
1998/4/17,0.072
1998/4/21,0.071217
1998/4/22,0.070509
1998/4/23,0.071308
1998/4/24,0.07203
1998/4/27,0.072684
1998/4/28,0.073276
1998/4/29,0.073812
1998/4/30,0.074296
1998/5/4,0.074735
1998/5/5,0.075132
1998/5/6,0.075779
1998/5/7,0.076366
1998/5/14,0.074746
1998/5/15,0.07328
1998/5/18,0.071953
1998/5/19,0.070753
1998/5/20,0.069666
1998/5/21,0.068683
1998/5/22,0.067793
1998/5/25,0.06703
1998/5/26,0.066339
1998/5/27,0.065714
1998/5/28,0.065745
1998/5/29,0.065774
1998/6/1,0.065799
1998/6/2,0.065822
1998/6/3,0.065843
1998/6/4,0.065862
1998/6/5,0.06588
1998/6/22,0.066123
1998/6/23,0.065968
1998/6/24,0.066429
1998/6/25,0.066244
1998/6/26,0.066077
1998/6/29,0.065926
1998/6/30,0.065789
1998/7/1,0.065665
1998/7/2,0.065553
1998/7/3,0.065452
1998/7/6,0.06527
1998/7/7,0.065245
1998/7/8,0.065
1998/7/14,0.063495
1998/7/15,0.062134
1998/7/16,0.060901
1998/7/17,0.059636
1998/7/20,0.059032
1998/7/21,0.058019
1998/7/22,0.05708
1998/7/23,0.05623
1998/7/24,0.055461
1998/7/27,0.055389
1998/7/28,0.055653
1998/7/29,0.055666
1998/7/30,0.055678
1998/7/31,0.055744
1998/8/3,0.055229
1998/8/4,0.054934
1998/8/5,0.054675
1998/8/6,0.054411
1998/8/7,0.054172
1998/8/10,0.053725
1998/8/11,0.053247
1998/8/12,0.052593
1998/8/13,0.052057
1998/8/14,0.052309
1998/8/17,0.051938
1998/8/18,0.052189
1998/8/19,0.052113
1998/8/20,0.052364
1998/8/21,0.052295
1998/8/24,0.051772
1998/8/25,0.051356
1998/8/26,0.05079
1998/8/27,0.050258
1998/8/28,0.049505
1998/8/31,0.050073
1998/9/1,0.050371
1998/9/2,0.050752
1998/9/3,0.050472
1998/9/4,0.049861
1998/9/7,0.049328
1998/9/8,0.048845
1998/9/9,0.049272
1998/9/10,0.049658
1998/9/11,0.050007
1998/9/14,0.050414
1998/9/15,0.04997
1998/9/16,0.049568
1998/9/17,0.049664
1998/9/18,0.049411
1998/9/21,0.049237
1998/9/22,0.04908
1998/9/23,0.04866
1998/9/24,0.048281
1998/9/25,0.047937
1998/9/28,0.04746
1998/9/29,0.047794
1998/9/30,0.048096
1998/10/5,0.04827
1998/10/6,0.048616
1998/10/7,0.0485
1998/10/8,0.048395
1998/10/9,0.048563
1998/10/12,0.048565
1998/10/13,0.048492
1998/10/14,0.048425
1998/10/15,0.048058
1998/10/16,0.047951
1998/10/19,0.047854
1998/10/20,0.047616
1998/10/21,0.047543
1998/10/22,0.047463
1998/10/23,0.047377
1998/10/26,0.047135
1998/10/27,0.047125
1998/10/28,0.047085
1998/10/29,0.047099
1998/10/30,0.047029
1998/11/2,0.046965
1998/11/3,0.046812
1998/11/4,0.046924
1998/11/5,0.047012
1998/11/6,0.047091
1998/11/9,0.047198
1998/11/10,0.047228
1998/11/11,0.047266
1998/11/12,0.04697
1998/11/13,0.046833
1998/11/16,0.046774
1998/11/17,0.04685
1998/11/18,0.046639
1998/11/19,0.046455
1998/11/20,0.046212
1998/11/23,0.04599
1998/11/24,0.045838
1998/11/25,0.045672
1998/11/26,0.045507
1998/11/27,0.045309
1998/11/30,0.045106
1998/12/1,0.044985
1998/12/2,0.044886
1998/12/3,0.044796
1998/12/4,0.044738
1998/12/7,0.044823
1998/12/8,0.044118
1998/12/9,0.043553
1998/12/10,0.043045
1998/12/11,0.042587
1998/12/14,0.042143
1998/12/15,0.041707
1998/12/16,0.04129
1998/12/17,0.040912
1998/12/18,0.040634
1998/12/21,0.040279
1998/12/22,0.040293
1998/12/23,0.040282
1998/12/24,0.040303
1998/12/25,0.040323
1998/12/28,0.040317
1998/12/29,0.040345
1998/12/30,0.040433
1998/12/31,0.040467
1999/1/4,0.040414
1999/1/5,0.040402
1999/1/6,0.040416
1999/1/7,0.040429
1999/1/8,0.040436
1999/1/11,0.040441
1999/1/12,0.040459
1999/1/13,0.040463
1999/1/14,0.040579
1999/1/15,0.040572
1999/1/18,0.040587
1999/1/19,0.040595
1999/1/20,0.040586
1999/1/21,0.040533
1999/1/22,0.040485
1999/1/25,0.040441
1999/1/26,0.040401
1999/1/27,0.040366
1999/1/28,0.040285
1999/1/29,0.040255
1999/2/1,0.040227
1999/2/2,0.040208
1999/2/3,0.040188
1999/2/4,0.040189
1999/2/5,0.04019
1999/2/8,0.040191
1999/2/9,0.040192
1999/2/10,0.040239
1999/2/11,0.040282
1999/2/12,0.040323
1999/2/15,0.040396
1999/2/23,0.04046
1999/2/24,0.040406
1999/2/25,0.040357
1999/2/26,0.040342
1999/3/1,0.040388
1999/3/2,0.04037
1999/3/3,0.040347
1999/3/4,0.040315
1999/3/5,0.04031
1999/3/8,0.040269
1999/3/9,0.040239
1999/3/10,0.040246
1999/3/11,0.040298
1999/3/12,0.040436
1999/3/15,0.040481
1999/3/16,0.040545
1999/3/17,0.040627
1999/3/18,0.040704
1999/3/19,0.040738
1999/3/22,0.040777
1999/3/23,0.04075
1999/3/24,0.040743
1999/3/25,0.04072
1999/3/26,0.040616
1999/3/29,0.040588
1999/3/30,0.040563
1999/3/31,0.04053
1999/4/1,0.0405
1999/4/2,0.040484
1999/4/5,0.040469
1999/4/6,0.040477
1999/4/7,0.040479
1999/4/8,0.040481
1999/4/9,0.040499
1999/4/14,0.040454
1999/4/15,0.040414
1999/4/16,0.040422
1999/4/19,0.040407
1999/4/20,0.040415
1999/4/21,0.040396
1999/4/22,0.040406
1999/4/23,0.040415
1999/4/26,0.040378
1999/4/27,0.040344
1999/4/28,0.040331
1999/4/29,0.040318
1999/4/30,0.040323
1999/5/4,0.040303
1999/5/5,0.040277
1999/5/6,0.040263
1999/5/7,0.04021
1999/5/10,0.040162
1999/5/11,0.040147
1999/5/12,0.040152
1999/5/13,0.040157
1999/5/14,0.040149
1999/5/17,0.040121
1999/5/18,0.040099
1999/5/19,0.040108
1999/5/20,0.040117
1999/5/21,0.040106
1999/5/24,0.040096
1999/5/25,0.040099
1999/5/26,0.040093
1999/5/27,0.040081
1999/5/28,0.040067
1999/5/31,0.040057
1999/6/1,0.040042
1999/6/2,0.040035
1999/6/3,0.040029
1999/6/4,0.039955
1999/6/7,0.039809
1999/6/8,0.039772
1999/6/9,0.039788
1999/6/10,0.039655
1999/6/11,0.037777
1999/6/14,0.036074
1999/6/15,0.034494
1999/6/16,0.033059
1999/6/17,0.031759
1999/6/18,0.030612
1999/6/21,0.029604
1999/6/22,0.028654
1999/6/23,0.027776
1999/6/24,0.027037
1999/6/25,0.027016
1999/6/28,0.026973
1999/6/29,0.026975
1999/6/30,0.026977
1999/7/1,0.026953
1999/7/2,0.026973
1999/7/5,0.026967
1999/7/6,0.026944
1999/7/7,0.02692
1999/7/8,0.026886
1999/7/9,0.026855
1999/7/12,0.026804
1999/7/13,0.026758
1999/7/14,0.026738
1999/7/15,0.026661
1999/7/16,0.026567
1999/7/19,0.026536
1999/7/20,0.026499
1999/7/21,0.026426
1999/7/22,0.02639
1999/7/23,0.026343
1999/7/26,0.026306
1999/7/27,0.026266
1999/7/28,0.026235
1999/7/29,0.026223
1999/7/30,0.026224
1999/8/2,0.026205
1999/8/3,0.026196
1999/8/4,0.0262
1999/8/5,0.026184
1999/8/6,0.026174
1999/8/9,0.026178
1999/8/10,0.026179
1999/8/11,0.026165
1999/8/12,0.026155
1999/8/13,0.026139
1999/8/16,0.02613
1999/8/17,0.026098
1999/8/18,0.026063
1999/8/19,0.026035
1999/8/20,0.026013
1999/8/23,0.025976
1999/8/24,0.025941
1999/8/25,0.025911
1999/8/26,0.025885
1999/8/27,0.025861
1999/8/30,0.025839
1999/8/31,0.025829
1999/9/1,0.02582
1999/9/2,0.025813
1999/9/3,0.025805
1999/9/6,0.025802
1999/9/7,0.025801
1999/9/9,0.0258
1999/9/14,0.025814
1999/9/15,0.025818
1999/9/16,0.025816
1999/9/17,0.025814
1999/9/20,0.025813
1999/9/21,0.025812
1999/9/22,0.025817
1999/9/23,0.025816
1999/9/24,0.025814
1999/9/27,0.025821
1999/9/28,0.025813
1999/9/29,0.0258
1999/9/30,0.02579
1999/10/8,0.0257
1999/10/9,0.02571
1999/10/10,0.025718
1999/10/11,0.025724
1999/10/12,0.025731
1999/10/13,0.025737
1999/10/14,0.02574
1999/10/15,0.025754
1999/10/18,0.025777
1999/10/19,0.025795
1999/10/20,0.025843
1999/10/21,0.025841
1999/10/22,0.025844
1999/10/25,0.025856
1999/10/26,0.025866
1999/10/27,0.025875
1999/10/28,0.025874
1999/10/29,0.025862
1999/11/1,0.025823
1999/11/2,0.025816
1999/11/3,0.025803
1999/11/4,0.025801
1999/11/5,0.025796
1999/11/8,0.025789
1999/11/9,0.025769
1999/11/10,0.025754
1999/11/11,0.025756
1999/11/12,0.02576
1999/11/15,0.025774
1999/11/16,0.025778
1999/11/17,0.025783
1999/11/18,0.025785
1999/11/19,0.025776
1999/11/22,0.025777
1999/11/23,0.025785
1999/11/24,0.025786
1999/11/26,0.025788
1999/11/29,0.025778
1999/11/30,0.025779
1999/12/1,0.025766
1999/12/2,0.025754
1999/12/3,0.02576
1999/12/6,0.025741
1999/12/7,0.025724
1999/12/8,0.025702
1999/12/9,0.025697
1999/12/10,0.025692
1999/12/13,0.025676
1999/12/14,0.025671
1999/12/15,0.025673
1999/12/16,0.025679
1999/12/17,0.025676
1999/12/21,0.025667
1999/12/22,0.025663
1999/12/23,0.025664
1999/12/24,0.02567
1999/12/27,0.025673
1999/12/28,0.025686
1999/12/29,0.025718
1999/12/30,0.025717
1999/12/31,0.025718
2000/1/3,0.02572
2000/1/4,0.025728
2000/1/5,0.025732
2000/1/6,0.025726
2000/1/7,0.025718
2000/1/10,0.025731
2000/1/11,0.025711
2000/1/12,0.025684
2000/1/13,0.02567
2000/1/14,0.025648
2000/1/17,0.025637
2000/1/18,0.025641
2000/1/19,0.025615
2000/1/20,0.025595
2000/1/21,0.025577
2000/1/24,0.025549
2000/1/25,0.025539
2000/1/26,0.025458
2000/1/27,0.025395
2000/1/28,0.02535
2000/1/31,0.025309
2000/2/1,0.025262
2000/2/2,0.025209
2000/2/3,0.025161
2000/2/4,0.025118
2000/2/12,0.025081
2000/2/13,0.025129
2000/2/14,0.025221
2000/2/15,0.025226
2000/2/16,0.025169
2000/2/17,0.025149
2000/2/18,0.025147
2000/2/21,0.02515
2000/2/22,0.02516
2000/2/25,0.025106
2000/2/28,0.025047
2000/2/29,0.025019
2000/3/1,0.025005
2000/3/2,0.024973
2000/3/3,0.024939
2000/3/6,0.024908
2000/3/7,0.024878
2000/3/8,0.024855
2000/3/9,0.024824
2000/3/10,0.024803
2000/3/13,0.024775
2000/3/14,0.024752
2000/3/15,0.024713
2000/3/16,0.02468
2000/3/17,0.024646
2000/3/20,0.024618
2000/3/21,0.024588
2000/3/22,0.024559
2000/3/23,0.024536
2000/3/24,0.024507
2000/3/27,0.024486
2000/3/28,0.024454
2000/3/29,0.02444
2000/3/30,0.024424
2000/3/31,0.024417
2000/4/3,0.02438
2000/4/4,0.02436
2000/4/5,0.024347
2000/4/6,0.024328
2000/4/7,0.024316
2000/4/10,0.0243
2000/4/11,0.024286
2000/4/12,0.024269
2000/4/13,0.024254
2000/4/14,0.024247
2000/4/17,0.024239
2000/4/18,0.024227
2000/4/19,0.024218
2000/4/20,0.024211
2000/4/21,0.024206
2000/4/24,0.024198
2000/4/25,0.024186
2000/4/26,0.024176
2000/4/27,0.024141
2000/4/28,0.024116
2000/4/29,0.024095
2000/4/30,0.024046
2000/5/8,0.024
2000/5/9,0.023993
2000/5/10,0.02398
2000/5/11,0.023974
2000/5/12,0.023968
2000/5/15,0.023964
2000/5/16,0.023967
2000/5/17,0.023958
2000/5/18,0.023957
2000/5/19,0.02396
2000/5/22,0.023966
2000/5/23,0.023953
2000/5/24,0.023938
2000/5/25,0.023934
2000/5/26,0.023916
2000/5/29,0.023905
2000/5/30,0.023879
2000/5/31,0.023858
2000/6/1,0.02384
2000/6/2,0.023828
2000/6/5,0.023809
2000/6/6,0.023798
2000/6/7,0.023783
2000/6/8,0.023776
2000/6/9,0.023768
2000/6/12,0.023757
2000/6/13,0.023751
2000/6/14,0.023744
2000/6/15,0.023733
2000/6/16,0.023726
2000/6/19,0.023729
2000/6/20,0.023724
2000/6/21,0.02372
2000/6/22,0.023706
2000/6/23,0.023701
2000/6/26,0.023703
2000/6/27,0.023696
2000/6/28,0.023692
2000/6/29,0.023683
2000/6/30,0.023681
2000/7/3,0.02368
2000/7/4,0.023675
2000/7/5,0.023677
2000/7/6,0.023674
2000/7/7,0.023672
2000/7/10,0.023666
2000/7/11,0.023657
2000/7/12,0.023641
2000/7/13,0.023632
2000/7/14,0.02362
2000/7/17,0.023611
2000/7/18,0.023606
2000/7/19,0.023592
2000/7/20,0.023587
2000/7/21,0.023577
2000/7/24,0.023574
2000/7/25,0.023563
2000/7/26,0.023555
2000/7/27,0.023545
2000/7/28,0.023539
2000/7/31,0.023541
2000/8/1,0.023523
2000/8/2,0.023504
2000/8/3,0.023483
2000/8/4,0.023475
2000/8/7,0.023458
2000/8/8,0.023433
2000/8/9,0.023417
2000/8/10,0.023402
2000/8/11,0.02337
2000/8/14,0.023347
2000/8/15,0.023342
2000/8/16,0.023319
2000/8/17,0.023301
2000/8/18,0.023276
2000/8/21,0.023275
2000/8/22,0.023261
2000/8/23,0.023239
2000/8/24,0.023214
2000/8/25,0.023207
2000/8/28,0.0232
2000/8/29,0.023204
2000/8/30,0.023197
2000/8/31,0.023182
2000/9/1,0.023167
2000/9/4,0.023163
2000/9/5,0.023153
2000/9/6,0.023147
2000/9/7,0.02314
2000/9/8,0.023132
2000/9/11,0.023119
2000/9/12,0.0231
2000/9/13,0.02309
2000/9/14,0.023084
2000/9/15,0.023085
2000/9/19,0.023078
2000/9/20,0.023068
2000/9/21,0.023063
2000/9/22,0.023035
2000/9/25,0.023038
2000/9/26,0.023048
2000/9/27,0.023043
2000/9/28,0.023044
2000/9/29,0.023035
2000/9/30,0.023025
2000/10/8,0.02302
2000/10/10,0.023018
2000/10/11,0.023023
2000/10/12,0.023018
2000/10/13,0.023022
2000/10/16,0.023021
2000/10/17,0.023017
2000/10/18,0.023016
2000/10/19,0.023018
2000/10/23,0.023016
2000/10/25,0.023015
2000/10/27,0.023023
2000/10/30,0.023025
2000/11/2,0.023023
2000/11/3,0.023021
2000/11/6,0.023032
2000/11/7,0.023031
2000/11/8,0.02303
2000/11/9,0.023028
2000/11/10,0.023024
2000/11/13,0.023032
2000/11/14,0.023031
2000/11/15,0.023029
2000/11/16,0.023028
2000/11/17,0.023039
2000/11/20,0.023032
2000/11/22,0.02303
2000/11/23,0.023032
2000/11/24,0.023042
2000/11/27,0.023048
2000/11/28,0.023064
2000/11/29,0.023083
2000/11/30,0.023104
2000/12/1,0.023125
2000/12/4,0.023157
2000/12/5,0.023182
2000/12/6,0.023219
2000/12/7,0.023284
2000/12/8,0.023339
2000/12/11,0.023391
2000/12/12,0.023473
2000/12/13,0.02355
2000/12/14,0.023627
2000/12/15,0.023708
2000/12/18,0.023791
2000/12/19,0.023874
2000/12/20,0.02399
2000/12/21,0.024128
2000/12/22,0.024304
2000/12/25,0.024536
2000/12/26,0.024803
2000/12/27,0.025088
2000/12/28,0.025394
2000/12/29,0.025598
2001/1/2,0.025678
2001/1/3,0.025642
2001/1/4,0.02556
2001/1/5,0.025549
2001/1/8,0.025453
2001/1/9,0.025315
2001/1/10,0.025159
2001/1/11,0.025006
2001/1/12,0.024858
2001/1/15,0.024827
2001/1/16,0.024781
2001/1/17,0.024804
2001/1/18,0.024891
2001/1/19,0.024958
2001/1/20,0.025067
2001/1/21,0.025176
2001/1/22,0.025214
2001/1/23,0.025066
2001/1/31,0.024929
2001/2/1,0.024864
2001/2/2,0.024845
2001/2/5,0.024816
2001/2/6,0.024825
2001/2/7,0.024858
2001/2/8,0.024867
2001/2/9,0.024896
2001/2/12,0.024932
2001/2/13,0.02502
2001/2/14,0.02511
2001/2/15,0.025172
2001/2/16,0.025213
2001/2/19,0.025248
2001/2/20,0.025264
2001/2/21,0.025251
2001/2/22,0.025257
2001/2/23,0.025254
2001/2/26,0.025251
2001/2/27,0.025261
2001/2/28,0.025268
2001/3/1,0.025256
2001/3/2,0.02524
2001/3/5,0.025212
2001/3/6,0.025179
2001/3/7,0.025153
2001/3/8,0.025115
2001/3/9,0.025087
2001/3/12,0.025064
2001/3/13,0.025037
2001/3/14,0.025011
2001/3/15,0.024989
2001/3/16,0.024974
2001/3/19,0.024969
2001/3/20,0.024962
2001/3/21,0.024955
2001/3/22,0.024951
2001/3/23,0.024946
2001/3/26,0.024933
2001/3/27,0.024924
2001/3/28,0.024913
2001/3/29,0.0249
2001/3/30,0.024874
2001/4/2,0.024838
2001/4/3,0.024803
2001/4/4,0.024762
2001/4/5,0.024723
2001/4/6,0.024682
2001/4/9,0.024645
2001/4/10,0.024609
2001/4/11,0.024562
2001/4/12,0.024526
2001/4/13,0.02449
2001/4/16,0.02446
2001/4/17,0.024419
2001/4/18,0.02438
2001/4/19,0.024336
2001/4/20,0.024293
2001/4/23,0.02425
2001/4/24,0.024214
2001/4/25,0.024178
2001/4/26,0.024137
2001/4/27,0.024101
2001/4/28,0.024065
2001/4/29,0.024019
2001/4/30,0.023914
2001/5/8,0.023784
2001/5/9,0.02378
2001/5/11,0.023781
2001/5/14,0.023782
2001/5/15,0.02379
2001/5/17,0.023791
2001/5/18,0.023787
2001/5/21,0.023802
2001/5/22,0.02383
2001/5/23,0.023805
2001/5/24,0.02379
2001/5/25,0.023784
2001/5/28,0.023778
2001/5/29,0.023775
2001/5/30,0.023782
2001/5/31,0.023791
2001/6/1,0.023807
2001/6/4,0.023814
2001/6/5,0.023817
2001/6/6,0.023822
2001/6/7,0.023818
2001/6/8,0.023799
2001/6/11,0.023772
2001/6/12,0.023738
2001/6/13,0.023694
2001/6/14,0.02364
2001/6/15,0.023591
2001/6/18,0.023553
2001/6/19,0.023521
2001/6/20,0.023502
2001/6/21,0.02349
2001/6/22,0.023489
2001/6/25,0.023484
2001/6/26,0.023474
2001/6/27,0.023458
2001/6/28,0.023441
2001/6/29,0.023427
2001/7/2,0.023403
2001/7/3,0.023376
2001/7/4,0.023333
2001/7/5,0.023284
2001/7/6,0.023226
2001/7/9,0.023173
2001/7/10,0.023124
2001/7/11,0.023083
2001/7/12,0.023046
2001/7/13,0.023016
2001/7/16,0.022993
2001/7/17,0.022985
2001/7/18,0.022981
2001/7/19,0.022988
2001/7/20,0.022998
2001/7/23,0.022999
2001/7/24,0.023001
2001/7/25,0.023
2001/7/27,0.023005
2001/7/30,0.023011
2001/7/31,0.023012
2001/8/1,0.023014
2001/8/2,0.023012
2001/8/3,0.023013
2001/8/6,0.023016
2001/8/7,0.023019
2001/8/8,0.023025
2001/8/9,0.023026
2001/8/10,0.02303
2001/8/13,0.023028
2001/8/14,0.023026
2001/8/15,0.023024
2001/8/16,0.023019
2001/8/17,0.023013
2001/8/20,0.023006
2001/8/21,0.023
2001/8/22,0.022992
2001/8/23,0.022984
2001/8/24,0.022972
2001/8/27,0.022962
2001/8/28,0.022952
2001/8/29,0.022942
2001/8/30,0.022932
2001/8/31,0.022922
2001/9/3,0.022909
2001/9/4,0.022896
2001/9/5,0.022884
2001/9/6,0.02287
2001/9/7,0.022856
2001/9/10,0.022841
2001/9/11,0.022827
2001/9/12,0.022811
2001/9/13,0.022797
2001/9/14,0.022781
2001/9/17,0.022763
2001/9/18,0.022741
2001/9/19,0.022717
2001/9/20,0.022692
2001/9/21,0.022668
2001/9/24,0.022643
2001/9/25,0.022614
2001/9/26,0.022584
2001/9/27,0.022551
2001/9/28,0.022517
2001/9/29,0.022467
2001/9/30,0.022389
2001/10/8,0.022337
2001/10/9,0.02235
2001/10/10,0.022348
2001/10/11,0.022343
2001/10/12,0.022327
2001/10/15,0.022299
2001/10/16,0.022263
2001/10/17,0.0222
2001/10/18,0.022138
2001/10/19,0.022076
2001/10/22,0.022003
2001/10/23,0.021908
2001/10/24,0.021826
2001/10/25,0.021747
2001/10/26,0.021671
2001/10/29,0.021609
2001/10/30,0.021554
2001/10/31,0.021519
2001/11/1,0.021486
2001/11/2,0.021461
2001/11/5,0.021439
2001/11/6,0.021423
2001/11/7,0.021413
2001/11/8,0.021406
2001/11/9,0.021402
2001/11/12,0.021398
2001/11/13,0.021394
2001/11/14,0.021389
2001/11/15,0.021387
2001/11/19,0.021388
2001/11/20,0.021387
2001/11/21,0.021384
2001/11/22,0.021383
2001/11/23,0.021386
2001/11/27,0.021385
2001/11/28,0.021386
2001/11/29,0.02139
2001/11/30,0.021392
2001/12/3,0.021389
2001/12/4,0.021388
2001/12/5,0.021396
2001/12/7,0.021397
2001/12/10,0.021395
2001/12/11,0.021403
2001/12/12,0.021402
2001/12/13,0.021398
2001/12/14,0.021402
2001/12/17,0.021401
2001/12/18,0.0214
2001/12/19,0.021396
2001/12/21,0.021395
2001/12/25,0.021393
2001/12/26,0.021396
2001/12/27,0.021399
2001/12/28,0.021395
2001/12/29,0.021394
2001/12/30,0.021403
2001/12/31,0.021406
2002/1/4,0.021402
2002/1/7,0.021401
2002/1/8,0.021398
2002/1/9,0.021397
2002/1/10,0.021394
2002/1/11,0.02139
2002/1/14,0.021388
2002/1/15,0.021385
2002/1/16,0.02138
2002/1/17,0.021376
2002/1/18,0.021375
2002/1/21,0.021372
2002/1/22,0.021371
2002/1/23,0.021368
2002/1/24,0.021367
2002/1/25,0.021366
2002/1/28,0.021364
2002/1/29,0.021362
2002/1/30,0.021358
2002/1/31,0.021357
2002/2/1,0.021355
2002/2/4,0.021354
2002/2/5,0.021353
2002/2/6,0.021354
2002/2/7,0.021353
2002/2/8,0.021351
2002/2/9,0.021354
2002/2/10,0.021368
2002/2/11,0.021367
2002/2/19,0.021372
2002/2/20,0.021373
2002/2/21,0.021371
2002/2/22,0.02114
2002/2/25,0.020908
2002/2/26,0.020695
2002/2/27,0.020496
2002/2/28,0.020311
2002/3/1,0.020139
2002/3/4,0.019988
2002/3/5,0.019852
2002/3/6,0.019727
2002/3/7,0.019613
2002/3/8,0.019597
2002/3/11,0.019587
2002/3/12,0.019581
2002/3/13,0.019576
2002/3/14,0.019572
2002/3/15,0.019567
2002/3/18,0.019563
2002/3/19,0.019557
2002/3/20,0.019552
2002/3/21,0.019548
2002/3/22,0.019546
2002/3/25,0.019543
2002/3/26,0.019541
2002/3/27,0.019538
2002/3/28,0.019535
2002/3/29,0.019533
2002/4/2,0.01953
2002/4/3,0.019525
2002/4/4,0.019524
2002/4/5,0.019521
2002/4/9,0.01952
2002/4/10,0.019514
2002/4/12,0.019515
2002/4/15,0.019513
2002/4/17,0.019512
2002/4/18,0.019511
2002/4/19,0.01951
2002/4/22,0.019509
2002/4/23,0.019507
2002/4/24,0.019508
2002/4/25,0.019507
2002/4/26,0.019503
2002/4/27,0.019502
2002/4/29,0.019501
2002/4/30,0.019509
2002/5/8,0.019512
2002/5/10,0.019513
2002/5/14,0.019512
2002/5/15,0.019511
2002/5/17,0.019508
2002/5/21,0.019502
2002/5/22,0.019499
2002/5/24,0.019498
2002/5/27,0.019499
2002/5/28,0.0195
2002/5/29,0.019501
2002/5/30,0.019499
2002/5/31,0.019502
2002/6/3,0.019504
2002/6/4,0.019506
2002/6/5,0.019507
2002/6/6,0.019509
2002/6/10,0.019511
2002/6/19,0.01951
2002/6/21,0.019508
2002/6/25,0.019506
2002/6/26,0.019504
2002/6/27,0.019503
2002/6/28,0.019502
2002/7/1,0.019501
2002/7/2,0.019502
2002/7/3,0.019501
2002/7/4,0.019499
2002/7/8,0.019498
2002/7/11,0.019497
2002/7/12,0.019496
2002/7/15,0.019495
2002/7/16,0.019494
2002/7/17,0.019493
2002/7/18,0.019492
2002/7/19,0.019491
2002/7/23,0.01949
2002/7/25,0.019489
2002/7/26,0.01949
2002/7/31,0.019489
2002/8/1,0.019491
2002/8/5,0.019492
2002/8/6,0.019493
2002/8/8,0.019494
2002/8/12,0.019495
2002/8/13,0.019496
2002/8/14,0.019497
2002/8/20,0.019507
2002/8/21,0.019521
2002/8/22,0.019543
2002/8/23,0.019568
2002/8/26,0.019589
2002/8/27,0.019641
2002/8/28,0.019722
2002/8/29,0.019809
2002/8/30,0.019892
2002/9/2,0.019973
2002/9/3,0.020078
2002/9/4,0.02018
2002/9/5,0.020272
2002/9/6,0.020364
2002/9/9,0.020443
2002/9/10,0.020527
2002/9/11,0.020602
2002/9/12,0.020667
2002/9/13,0.020719
2002/9/16,0.020784
2002/9/17,0.020847
2002/9/18,0.020916
2002/9/19,0.020995
2002/9/20,0.021149
2002/9/23,0.021435
2002/9/24,0.021663
2002/9/25,0.021936
2002/9/26,0.022215
2002/9/27,0.022442
2002/9/28,0.022599
2002/9/29,0.022742
2002/9/30,0.022823
2002/10/8,0.022909
2002/10/9,0.022913
2002/10/10,0.022862
2002/10/11,0.022822
2002/10/14,0.022756
2002/10/15,0.022682
2002/10/16,0.022621
2002/10/17,0.022576
2002/10/18,0.022532
2002/10/21,0.022503
2002/10/22,0.02247
2002/10/23,0.022453
2002/10/24,0.022442
2002/10/25,0.022426
2002/10/28,0.022413
2002/10/29,0.022403
2002/10/30,0.022395
2002/10/31,0.022387
2002/11/1,0.022378
2002/11/4,0.022373
2002/11/5,0.022365
2002/11/6,0.022359
2002/11/7,0.022352
2002/11/8,0.022344
2002/11/11,0.022338
2002/11/12,0.022333
2002/11/13,0.022328
2002/11/14,0.022322
2002/11/15,0.022317
2002/11/18,0.022312
2002/11/19,0.022307
2002/11/20,0.022302
2002/11/21,0.022298
2002/11/22,0.022296
2002/11/25,0.022293
2002/11/26,0.022291
2002/11/27,0.022288
2002/11/28,0.022286
2002/11/29,0.022285
2002/12/2,0.022284
2002/12/4,0.022282
2002/12/5,0.022281
2002/12/6,0.022286
2002/12/9,0.022305
2002/12/10,0.022334
2002/12/11,0.02237
2002/12/12,0.022411
2002/12/13,0.022463
2002/12/16,0.02255
2002/12/17,0.022653
2002/12/18,0.02276
2002/12/19,0.02287
2002/12/20,0.022978
2002/12/23,0.023087
2002/12/24,0.023187
2002/12/25,0.023267
2002/12/26,0.023352
2002/12/27,0.023405
2002/12/30,0.023465
2002/12/31,0.023485
2003/1/2,0.023496
2003/1/3,0.023445
2003/1/6,0.023387
2003/1/7,0.023322
2003/1/8,0.023257
2003/1/9,0.023193
2003/1/10,0.023123
2003/1/13,0.023047
2003/1/14,0.022959
2003/1/15,0.022883
2003/1/16,0.022808
2003/1/17,0.022754
2003/1/20,0.022701
2003/1/21,0.022649
2003/1/22,0.0226
2003/1/23,0.022552
2003/1/24,0.02254
2003/1/27,0.022541
2003/1/28,0.022585
2003/1/29,0.022646
2003/1/30,0.02272
2003/1/31,0.022801
2003/2/8,0.022847
2003/2/9,0.022874
2003/2/10,0.022894
2003/2/11,0.022904
2003/2/12,0.0229
2003/2/13,0.022885
2003/2/14,0.022853
2003/2/17,0.02281
2003/2/18,0.022758
2003/2/19,0.022698
2003/2/20,0.022649
2003/2/21,0.022604
2003/2/24,0.022561
2003/2/25,0.022511
2003/2/26,0.022457
2003/2/27,0.022379
2003/2/28,0.022279
2003/3/1,0.022142
2003/3/2,0.02202
2003/3/3,0.021913
2003/3/4,0.021786
2003/3/5,0.021637
2003/3/6,0.021483
2003/3/7,0.021323
2003/3/8,0.021186
2003/3/10,0.021075
2003/3/11,0.020995
2003/3/12,0.020938
2003/3/13,0.020876
2003/3/14,0.020805
2003/3/15,0.02074
2003/3/17,0.020695
2003/3/18,0.020653
2003/3/19,0.020607
2003/3/20,0.020555
2003/3/21,0.020493
2003/3/24,0.020423
2003/3/25,0.020343
2003/3/26,0.020261
2003/3/27,0.020183
2003/3/28,0.020114
2003/3/31,0.020043
2003/4/1,0.019973
2003/4/2,0.019917
2003/4/3,0.019873
2003/4/4,0.019833
2003/4/7,0.019796
2003/4/8,0.019764
2003/4/9,0.019734
2003/4/10,0.019703
2003/4/11,0.019671
2003/4/14,0.019645
2003/4/15,0.019622
2003/4/16,0.0196
2003/4/17,0.019577
2003/4/18,0.019557
2003/4/21,0.01954
2003/4/22,0.019521
2003/4/23,0.019504
2003/4/24,0.019492
2003/4/25,0.019484
2003/4/28,0.019499
2003/4/29,0.019538
2003/4/30,0.019575
2003/5/6,0.019613
2003/5/7,0.019649
2003/5/8,0.019685
2003/5/9,0.019728
2003/5/12,0.019774
2003/5/13,0.019825
2003/5/14,0.019871
2003/5/15,0.019914
2003/5/16,0.019955
2003/5/19,0.019992
2003/5/20,0.020032
2003/5/21,0.020073
2003/5/22,0.020119
2003/5/23,0.020167
2003/5/26,0.020218
2003/5/27,0.020279
2003/5/28,0.020347
2003/5/29,0.020432
2003/5/30,0.020527
2003/6/2,0.020625
2003/6/3,0.020725
2003/6/4,0.020822
2003/6/5,0.02091
2003/6/6,0.020994
2003/6/9,0.021074
2003/6/10,0.021147
2003/6/11,0.021208
2003/6/12,0.021258
2003/6/13,0.021297
2003/6/16,0.02134
2003/6/17,0.021386
2003/6/18,0.021422
2003/6/19,0.021461
2003/6/20,0.021498
2003/6/23,0.021538
2003/6/24,0.021584
2003/6/25,0.021627
2003/6/26,0.021706
2003/6/27,0.021802
2003/6/30,0.021916
2003/7/1,0.02203
2003/7/2,0.022137
2003/7/3,0.022252
2003/7/4,0.022362
2003/7/7,0.022456
2003/7/8,0.022541
2003/7/9,0.022613
2003/7/10,0.022657
2003/7/11,0.022672
2003/7/14,0.022646
2003/7/15,0.022594
2003/7/16,0.022531
2003/7/17,0.022448
2003/7/18,0.022351
2003/7/21,0.022244
2003/7/22,0.022137
2003/7/23,0.022018
2003/7/24,0.021902
2003/7/25,0.021815
2003/7/28,0.021728
2003/7/29,0.021656
2003/7/30,0.021587
2003/7/31,0.021523
2003/8/1,0.021463
2003/8/4,0.021405
2003/8/5,0.021357
2003/8/6,0.021308
2003/8/7,0.021275
2003/8/8,0.021214
2003/8/11,0.021169
2003/8/12,0.021105
2003/8/13,0.021058
2003/8/14,0.021027
2003/8/15,0.020999
2003/8/18,0.020971
2003/8/19,0.02094
2003/8/20,0.02091
2003/8/21,0.020902
2003/8/22,0.020942
2003/8/25,0.021024
2003/8/26,0.021288
2003/8/27,0.021649
2003/8/28,0.022466
2003/8/29,0.023344
2003/9/1,0.024283
2003/9/2,0.025166
2003/9/3,0.025997
2003/9/4,0.026702
2003/9/5,0.027315
2003/9/8,0.027784
2003/9/9,0.028131
2003/9/10,0.02841
2003/9/11,0.028485
2003/9/12,0.028491
2003/9/15,0.028432
2003/9/16,0.028365
2003/9/17,0.028282
2003/9/18,0.028221
2003/9/19,0.028164
2003/9/22,0.028144
2003/9/23,0.028149
2003/9/24,0.028206
2003/9/25,0.028336
2003/9/26,0.028528
2003/9/27,0.028834
2003/9/28,0.029232
2003/9/29,0.029667
2003/9/30,0.029975
2003/10/8,0.030439
2003/10/9,0.030841
2003/10/10,0.031204
2003/10/13,0.031503
2003/10/14,0.031736
2003/10/15,0.031868
2003/10/16,0.031893
2003/10/17,0.031767
2003/10/20,0.031581
2003/10/21,0.031411
2003/10/22,0.031154
2003/10/23,0.030898
2003/10/24,0.030626
2003/10/27,0.030313
2003/10/28,0.029983
2003/10/29,0.029774
2003/10/30,0.029699
2003/10/31,0.029975
2003/11/3,0.030367
2003/11/4,0.030915
2003/11/5,0.031795
2003/11/6,0.032123
2003/11/7,0.032155
2003/11/10,0.032104
2003/11/11,0.032042
2003/11/12,0.031847
2003/11/13,0.031522
2003/11/14,0.030901
2003/11/17,0.030144
2003/11/18,0.029299
2003/11/19,0.028255
2003/11/20,0.027307
2003/11/21,0.026486
2003/11/24,0.025599
2003/11/25,0.024773
2003/11/26,0.02407
2003/11/27,0.023475
2003/11/28,0.023011
2003/12/1,0.022629
2003/12/2,0.022306
2003/12/3,0.022057
2003/12/4,0.02188
2003/12/5,0.021733
2003/12/8,0.021667
2003/12/9,0.021619
2003/12/10,0.021573
2003/12/11,0.02153
2003/12/12,0.021487
2003/12/15,0.021456
2003/12/16,0.021429
2003/12/17,0.021413
2003/12/18,0.021414
2003/12/19,0.021421
2003/12/22,0.021408
2003/12/23,0.021405
2003/12/24,0.021404
2003/12/25,0.021408
2003/12/26,0.021419
2003/12/29,0.021422
2003/12/30,0.021425
2003/12/31,0.021431
2004/1/2,0.021411
2004/1/5,0.021391
2004/1/6,0.021372
2004/1/7,0.021351
2004/1/8,0.021322
2004/1/9,0.021285
2004/1/12,0.021238
2004/1/13,0.021191
2004/1/14,0.021147
2004/1/15,0.021099
2004/1/16,0.021073
2004/1/17,0.022179
2004/1/18,0.023708
2004/1/19,0.025204
2004/1/20,0.026477
2004/1/21,0.027744
2004/1/29,0.028567
2004/1/30,0.02878
2004/2/2,0.028983
2004/2/3,0.029147
2004/2/4,0.028828
2004/2/5,0.028017
2004/2/6,0.027063
2004/2/9,0.026128
2004/2/10,0.02529
2004/2/11,0.024459
2004/2/12,0.023781
2004/2/13,0.023329
2004/2/16,0.022882
2004/2/17,0.022462
2004/2/18,0.022229
2004/2/19,0.022041
2004/2/20,0.021862
2004/2/23,0.021693
2004/2/24,0.02153
2004/2/25,0.021375
2004/2/26,0.021224
2004/2/27,0.021083
2004/3/1,0.020945
2004/3/2,0.020812
2004/3/3,0.020671
2004/3/4,0.020524
2004/3/5,0.020377
2004/3/8,0.020228
2004/3/9,0.020076
2004/3/10,0.019939
2004/3/11,0.019809
2004/3/12,0.019681
2004/3/15,0.019557
2004/3/16,0.019441
2004/3/17,0.01933
2004/3/18,0.019211
2004/3/19,0.019097
2004/3/22,0.018983
2004/3/23,0.018872
2004/3/24,0.018765
2004/3/25,0.018698
2004/3/26,0.01869
2004/3/29,0.018685
2004/3/30,0.018687
2004/3/31,0.018698
2004/4/1,0.01871
2004/4/2,0.018727
2004/4/5,0.018724
2004/4/6,0.01872
2004/4/7,0.018714
2004/4/8,0.018696
2004/4/9,0.018652
2004/4/12,0.018594
2004/4/13,0.01858
2004/4/14,0.018712
2004/4/15,0.018927
2004/4/16,0.019199
2004/4/19,0.019514
2004/4/20,0.019868
2004/4/21,0.020259
2004/4/22,0.020779
2004/4/23,0.021372
2004/4/26,0.022004
2004/4/27,0.022562
2004/4/28,0.022955
2004/4/29,0.023254
2004/4/30,0.023644
2004/5/8,0.023889
2004/5/9,0.023845
2004/5/10,0.023748
2004/5/11,0.023592
2004/5/12,0.023394
2004/5/13,0.023161
2004/5/14,0.022935
2004/5/17,0.022708
2004/5/18,0.022491
2004/5/19,0.022237
2004/5/20,0.022047
2004/5/21,0.021972
2004/5/24,0.021817
2004/5/25,0.021665
2004/5/26,0.021527
2004/5/27,0.021431
2004/5/28,0.021363
2004/5/31,0.021347
2004/6/1,0.021448
2004/6/2,0.02163
2004/6/3,0.021909
2004/6/4,0.022353
2004/6/7,0.0228
2004/6/8,0.023212
2004/6/9,0.023578
2004/6/10,0.023889
2004/6/11,0.024166
2004/6/14,0.024281
2004/6/15,0.024276
2004/6/16,0.024204
2004/6/17,0.024095
2004/6/18,0.023959
2004/6/21,0.023935
2004/6/23,0.023943
2004/6/24,0.023958
2004/6/25,0.024
2004/6/28,0.024069
2004/6/29,0.024132
2004/6/30,0.024224
2004/7/1,0.02431
2004/7/2,0.024355
2004/7/5,0.024305
2004/7/6,0.02425
2004/7/7,0.024177
2004/7/8,0.024092
2004/7/9,0.023967
2004/7/12,0.023795
2004/7/13,0.023628
2004/7/14,0.02345
2004/7/15,0.02327
2004/7/16,0.023101
2004/7/19,0.022902
2004/7/20,0.022706
2004/7/21,0.022548
2004/7/22,0.022426
2004/7/23,0.022642
2004/7/26,0.022862
2004/7/27,0.023078
2004/7/28,0.023257
2004/7/29,0.023447
2004/7/30,0.023602
2004/8/2,0.023762
2004/8/3,0.023901
2004/8/4,0.024018
2004/8/5,0.024113
2004/8/6,0.024077
2004/8/9,0.023907
2004/8/10,0.023736
2004/8/11,0.023589
2004/8/12,0.023438
2004/8/13,0.023317
2004/8/16,0.023143
2004/8/17,0.023014
2004/8/18,0.022896
2004/8/19,0.02279
2004/8/20,0.022697
2004/8/23,0.022635
2004/8/24,0.022593
2004/8/25,0.02256
2004/8/26,0.02253
2004/8/27,0.022498
2004/8/30,0.022455
2004/8/31,0.022403
2004/9/1,0.02233
2004/9/2,0.022241
2004/9/3,0.022136
2004/9/6,0.022011
2004/9/7,0.021892
2004/9/8,0.021778
2004/9/9,0.021671
2004/9/10,0.021547
2004/9/13,0.02144
2004/9/14,0.021339
2004/9/15,0.021251
2004/9/16,0.021172
2004/9/17,0.021104
2004/9/20,0.021058
2004/9/21,0.021014
2004/9/22,0.020967
2004/9/23,0.02092
2004/9/24,0.020902
2004/9/27,0.020965
2004/9/28,0.021068
2004/9/29,0.02135
2004/9/30,0.021647
2004/10/8,0.021777
2004/10/9,0.021876
2004/10/10,0.021962
2004/10/11,0.022036
2004/10/12,0.022094
2004/10/13,0.022125
2004/10/14,0.022104
2004/10/15,0.022058
2004/10/18,0.021938
2004/10/19,0.021779
2004/10/20,0.021683
2004/10/21,0.02155
2004/10/22,0.021435
2004/10/25,0.021321
2004/10/26,0.021206
2004/10/27,0.021102
2004/10/28,0.021006
2004/10/29,0.020916
2004/11/1,0.021073
2004/11/2,0.021258
2004/11/3,0.021428
2004/11/4,0.021595
2004/11/5,0.021749
2004/11/8,0.021797
2004/11/9,0.021801
2004/11/10,0.021842
2004/11/11,0.021862
2004/11/12,0.021861
2004/11/15,0.02177
2004/11/16,0.021652
2004/11/17,0.021507
2004/11/18,0.021339
2004/11/19,0.021161
2004/11/22,0.020942
2004/11/23,0.02064
2004/11/24,0.020472
2004/11/25,0.020319
2004/11/26,0.020177
2004/11/29,0.020019
2004/11/30,0.019878
2004/12/1,0.019767
2004/12/2,0.01967
2004/12/3,0.019578
2004/12/6,0.019491
2004/12/7,0.019355
2004/12/8,0.019257
2004/12/9,0.019148
2004/12/10,0.019039
2004/12/13,0.01892
2004/12/14,0.018855
2004/12/15,0.018791
2004/12/16,0.018716
2004/12/17,0.018651
2004/12/20,0.018588
2004/12/21,0.018529
2004/12/22,0.018474
2004/12/23,0.018431
2004/12/24,0.018397
2004/12/27,0.018385
2004/12/28,0.018389
2004/12/29,0.018469
2004/12/30,0.018553
2004/12/31,0.018638
2005/1/4,0.018723
2005/1/5,0.018808
2005/1/6,0.018833
2005/1/7,0.018852
2005/1/10,0.018828
2005/1/11,0.018794
2005/1/12,0.018742
2005/1/13,0.018664
2005/1/14,0.018586
2005/1/17,0.01851
2005/1/18,0.018437
2005/1/19,0.018377
2005/1/20,0.018344
2005/1/21,0.018317
2005/1/24,0.018312
2005/1/25,0.018315
2005/1/26,0.018319
2005/1/27,0.018318
2005/1/31,0.018338
2005/2/1,0.018352
2005/2/2,0.018368
2005/2/3,0.018464
2005/2/4,0.018706
2005/2/5,0.019469
2005/2/6,0.020267
2005/2/7,0.021029
2005/2/8,0.02162
2005/2/16,0.02156
2005/2/17,0.021479
2005/2/18,0.021402
2005/2/21,0.021321
2005/2/22,0.0212
2005/2/23,0.021
2005/2/24,0.020577
2005/2/25,0.020087
2005/2/28,0.019616
2005/3/1,0.019214
2005/3/2,0.019063
2005/3/3,0.018929
2005/3/4,0.018804
2005/3/7,0.01869
2005/3/8,0.018622
2005/3/9,0.018553
2005/3/10,0.018501
2005/3/11,0.018474
2005/3/14,0.018438
2005/3/15,0.018405
2005/3/16,0.018372
2005/3/17,0.018349
2005/3/18,0.018282
2005/3/21,0.018073
2005/3/22,0.017756
2005/3/23,0.017419
2005/3/24,0.017051
2005/3/25,0.016702
2005/3/28,0.016364
2005/3/29,0.016067
2005/3/30,0.015772
2005/3/31,0.015473
2005/4/1,0.015199
2005/4/4,0.01493
2005/4/5,0.014743
2005/4/6,0.014552
2005/4/7,0.014295
2005/4/8,0.014108
2005/4/11,0.013909
2005/4/12,0.01372
2005/4/13,0.013557
2005/4/14,0.013398
2005/4/15,0.013268
2005/4/18,0.013141
2005/4/19,0.013007
2005/4/20,0.01289
2005/4/21,0.012821
2005/4/22,0.012744
2005/4/25,0.012651
2005/4/26,0.012553
2005/4/27,0.012459
2005/4/28,0.012413
2005/4/29,0.012384
2005/4/30,0.012341
2005/5/8,0.012289
2005/5/9,0.012215
2005/5/10,0.012143
2005/5/11,0.012076
2005/5/12,0.012021
2005/5/13,0.011969
2005/5/16,0.011904
2005/5/17,0.011813
2005/5/18,0.011718
2005/5/19,0.011639
2005/5/20,0.011573
2005/5/23,0.01152
2005/5/24,0.011473
2005/5/25,0.011425
2005/5/26,0.011385
2005/5/27,0.01135
2005/5/30,0.011321
2005/5/31,0.011299
2005/6/1,0.011273
2005/6/2,0.011226
2005/6/3,0.011179
2005/6/6,0.011139
2005/6/7,0.011101
2005/6/8,0.011073
2005/6/9,0.011045
2005/6/10,0.011017
2005/6/13,0.010992
2005/6/14,0.010968
2005/6/15,0.010951
2005/6/16,0.010943
2005/6/17,0.010938
2005/6/20,0.010928
2005/6/21,0.010924
2005/6/22,0.010917
2005/6/23,0.010907
2005/6/24,0.010897
2005/6/27,0.010894
2005/6/28,0.010889
2005/6/29,0.010896
2005/6/30,0.010914
2005/7/1,0.010943
2005/7/4,0.011
2005/7/5,0.011068
2005/7/6,0.011141
2005/7/7,0.011213
2005/7/8,0.01128
2005/7/11,0.011343
2005/7/12,0.011405
2005/7/13,0.01146
2005/7/14,0.011521
2005/7/15,0.011577
2005/7/18,0.011644
2005/7/19,0.011694
2005/7/20,0.011777
2005/7/21,0.011844
2005/7/22,0.011911
2005/7/25,0.012025
2005/7/26,0.012129
2005/7/27,0.012219
2005/7/28,0.012289
2005/7/29,0.012346
2005/8/1,0.012362
2005/8/2,0.012377
2005/8/3,0.012374
2005/8/4,0.012373
2005/8/5,0.012364
2005/8/8,0.012368
2005/8/9,0.012374
2005/8/10,0.012383
2005/8/11,0.012388
2005/8/12,0.012387
2005/8/15,0.012402
2005/8/16,0.012416
2005/8/17,0.012423
2005/8/18,0.012427
2005/8/19,0.012424
2005/8/22,0.012408
2005/8/23,0.012387
2005/8/24,0.012362
2005/8/25,0.012335
2005/8/26,0.012307
2005/8/29,0.012291
2005/8/30,0.01228
2005/8/31,0.012259
2005/9/1,0.012231
2005/9/2,0.012206
2005/9/5,0.01218
2005/9/6,0.012173
2005/9/7,0.012165
2005/9/8,0.012164
2005/9/9,0.012157
2005/9/12,0.012152
2005/9/14,0.01214
2005/9/15,0.012131
2005/9/16,0.012107
2005/9/19,0.012091
2005/9/20,0.012064
2005/9/21,0.012029
2005/9/22,0.011985
2005/9/23,0.011962
2005/9/26,0.01192
2005/9/27,0.01187
2005/9/28,0.011829
2005/9/29,0.01173
2005/9/30,0.011682
2005/10/8,0.011631
2005/10/9,0.011588
2005/10/10,0.011537
2005/10/11,0.011482
2005/10/12,0.011419
2005/10/13,0.011362
2005/10/14,0.011311
2005/10/17,0.01127
2005/10/18,0.011258
2005/10/19,0.011231
2005/10/20,0.011207
2005/10/21,0.011183
2005/10/24,0.011163
2005/10/25,0.011158
2005/10/26,0.011155
2005/10/27,0.011161
2005/10/28,0.011168
2005/10/31,0.011172
2005/11/1,0.011158
2005/11/2,0.01115
2005/11/3,0.011142
2005/11/4,0.011128
2005/11/7,0.011118
2005/11/8,0.011106
2005/11/9,0.01109
2005/11/10,0.011073
2005/11/11,0.011066
2005/11/14,0.011074
2005/11/15,0.011089
2005/11/16,0.011102
2005/11/17,0.011114
2005/11/18,0.01113
2005/11/21,0.011218
2005/11/22,0.011343
2005/11/23,0.011526
2005/11/24,0.011738
2005/11/25,0.01194
2005/11/28,0.012164
2005/11/29,0.012413
2005/11/30,0.012685
2005/12/1,0.013028
2005/12/2,0.013472
2005/12/5,0.013885
2005/12/6,0.014356
2005/12/7,0.014768
2005/12/8,0.015114
2005/12/9,0.015419
2005/12/12,0.015668
2005/12/13,0.015865
2005/12/14,0.016001
2005/12/15,0.016082
2005/12/16,0.016048
2005/12/19,0.016003
2005/12/20,0.015919
2005/12/21,0.015825
2005/12/22,0.015737
2005/12/23,0.015652
2005/12/26,0.015535
2005/12/27,0.015467
2005/12/28,0.015414
2005/12/29,0.015343
2005/12/30,0.015305
2005/12/31,0.015256
2006/1/4,0.015222
2006/1/5,0.015177
2006/1/6,0.015129
2006/1/9,0.015077
2006/1/10,0.01503
2006/1/11,0.014969
2006/1/12,0.014904
2006/1/13,0.01485
2006/1/16,0.014789
2006/1/17,0.014735
2006/1/18,0.014674
2006/1/19,0.014617
2006/1/20,0.01461
2006/1/23,0.01464
2006/1/24,0.01477
2006/1/25,0.015441
2006/1/26,0.017782
2006/1/27,0.018985
2006/1/28,0.019399
2006/2/5,0.019776
2006/2/6,0.019437
2006/2/7,0.019051
2006/2/8,0.018668
2006/2/9,0.018292
2006/2/10,0.017893
2006/2/13,0.017267
2006/2/14,0.016038
2006/2/15,0.015249
2006/2/16,0.014753
2006/2/17,0.014269
2006/2/20,0.014062
2006/2/21,0.013886
2006/2/22,0.013702
2006/2/23,0.013554
2006/2/24,0.013441
2006/2/27,0.013357
2006/2/28,0.013337
2006/3/1,0.013373
2006/3/2,0.013418
2006/3/3,0.013491
2006/3/6,0.013592
2006/3/7,0.01369
2006/3/8,0.013839
2006/3/9,0.01396
2006/3/10,0.014061
2006/3/13,0.014135
2006/3/14,0.014164
2006/3/15,0.014158
2006/3/16,0.014162
2006/3/17,0.014185
2006/3/20,0.014183
2006/3/21,0.014177
2006/3/22,0.014171
2006/3/23,0.014301
2006/3/24,0.014586
2006/3/27,0.014861
2006/3/28,0.015125
2006/3/29,0.015357
2006/3/30,0.015561
2006/3/31,0.015731
2006/4/3,0.015887
2006/4/4,0.01602
2006/4/5,0.016111
2006/4/6,0.016144
2006/4/7,0.016105
2006/4/10,0.016031
2006/4/11,0.01592
2006/4/12,0.015796
2006/4/13,0.01567
2006/4/14,0.01556
2006/4/17,0.015518
2006/4/18,0.015567
2006/4/19,0.015695
2006/4/20,0.015849
2006/4/21,0.01605
2006/4/24,0.016259
2006/4/25,0.01652
2006/4/26,0.01683
2006/4/27,0.017203
2006/4/28,0.017655
2006/4/29,0.018339
2006/4/30,0.018531
2006/5/8,0.018539
2006/5/9,0.018544
2006/5/10,0.018506
2006/5/11,0.018446
2006/5/12,0.018375
2006/5/15,0.018256
2006/5/16,0.018072
2006/5/17,0.017827
2006/5/18,0.017409
2006/5/19,0.017248
2006/5/22,0.017116
2006/5/23,0.016963
2006/5/24,0.016794
2006/5/25,0.016686
2006/5/26,0.016586
2006/5/29,0.016481
2006/5/30,0.016392
2006/5/31,0.016324
2006/6/1,0.016374
2006/6/2,0.016497
2006/6/5,0.016619
2006/6/6,0.016757
2006/6/7,0.016911
2006/6/8,0.0171
2006/6/9,0.017294
2006/6/12,0.017477
2006/6/13,0.017685
2006/6/14,0.017935
2006/6/15,0.018292
2006/6/16,0.018673
2006/6/19,0.019032
2006/6/20,0.019668
2006/6/21,0.020113
2006/6/22,0.020409
2006/6/23,0.020615
2006/6/26,0.020795
2006/6/27,0.020934
2006/6/28,0.020999
2006/6/29,0.020957
2006/6/30,0.020983
2006/7/3,0.020984
2006/7/4,0.020878
2006/7/5,0.020834
2006/7/6,0.020783
2006/7/7,0.02073
2006/7/10,0.020661
2006/7/11,0.02057
2006/7/12,0.020484
2006/7/13,0.020366
2006/7/14,0.020189
2006/7/17,0.020118
2006/7/18,0.020211
2006/7/19,0.020444
2006/7/20,0.020956
2006/7/21,0.021719
2006/7/24,0.022521
2006/7/25,0.023282
2006/7/26,0.023983
2006/7/27,0.024648
2006/7/28,0.025281
2006/7/31,0.025827
2006/8/1,0.026227
2006/8/2,0.026519
2006/8/3,0.026684
2006/8/4,0.026724
2006/8/7,0.026638
2006/8/8,0.026565
2006/8/9,0.026472
2006/8/10,0.026375
2006/8/11,0.026257
2006/8/14,0.026077
2006/8/15,0.025885
2006/8/16,0.025633
2006/8/17,0.025415
2006/8/18,0.025204
2006/8/21,0.024971
2006/8/22,0.024881
2006/8/23,0.024719
2006/8/24,0.024503
2006/8/25,0.024241
2006/8/28,0.023878
2006/8/29,0.023442
2006/8/30,0.023085
2006/8/31,0.022807
2006/9/1,0.022615
2006/9/4,0.022487
2006/9/5,0.022313
2006/9/6,0.022132
2006/9/7,0.021993
2006/9/8,0.021822
2006/9/11,0.021703
2006/9/12,0.021599
2006/9/13,0.021473
2006/9/14,0.021367
2006/9/15,0.021258
2006/9/18,0.021137
2006/9/19,0.020976
2006/9/20,0.020817
2006/9/21,0.020646
2006/9/22,0.020578
2006/9/25,0.020748
2006/9/26,0.021058
2006/9/27,0.021382
2006/9/28,0.021634
2006/9/29,0.022058
2006/9/30,0.02241
2006/10/8,0.022618
2006/10/9,0.02274
2006/10/10,0.022869
2006/10/11,0.022947
2006/10/12,0.022932
2006/10/13,0.022866
2006/10/16,0.022796
2006/10/17,0.022821
2006/10/18,0.022909
2006/10/19,0.023129
2006/10/20,0.023405
2006/10/23,0.02367
2006/10/24,0.023861
2006/10/25,0.024053
2006/10/26,0.024086
2006/10/27,0.024031
2006/10/30,0.023958
2006/10/31,0.023981
2006/11/1,0.024031
2006/11/2,0.024098
2006/11/3,0.024163
2006/11/6,0.024132
2006/11/7,0.024338
2006/11/8,0.024716
2006/11/9,0.025335
2006/11/10,0.026086
2006/11/13,0.027126
2006/11/14,0.028291
2006/11/15,0.029731
2006/11/16,0.031076
2006/11/17,0.032068
2006/11/20,0.033432
2006/11/21,0.034761
2006/11/22,0.035982
2006/11/23,0.036597
2006/11/24,0.037083
2006/11/27,0.037648
2006/11/28,0.036972
2006/11/29,0.036014
2006/11/30,0.034266
2006/12/1,0.032685
2006/12/4,0.031031
2006/12/5,0.029434
2006/12/6,0.02789
2006/12/7,0.026618
2006/12/8,0.025417
2006/12/11,0.024211
2006/12/12,0.023519
2006/12/13,0.022906
2006/12/14,0.022702
2006/12/15,0.022299
2006/12/18,0.021929
2006/12/19,0.021576
2006/12/20,0.021228
2006/12/21,0.020892
2006/12/22,0.020503
2006/12/25,0.020403
2006/12/26,0.020665
2006/12/27,0.020914
2006/12/28,0.021116
2006/12/29,0.021082
2006/12/30,0.020873
2006/12/31,0.02061
2007/1/4,0.019847
2007/1/5,0.019143
2007/1/8,0.018505
2007/1/9,0.017777
2007/1/10,0.016971
2007/1/11,0.01622
2007/1/12,0.015524
2007/1/15,0.014995
2007/1/16,0.014543
2007/1/17,0.014148
2007/1/18,0.01419
2007/1/19,0.014269
2007/1/22,0.014415
2007/1/23,0.01494
2007/1/24,0.015656
2007/1/25,0.016385
2007/1/26,0.017076
2007/1/29,0.017791
2007/1/30,0.018494
2007/1/31,0.01914
2007/2/1,0.019624
2007/2/2,0.020041
2007/2/5,0.020251
2007/2/6,0.020439
2007/2/7,0.020685
2007/2/8,0.021471
2007/2/9,0.02373
2007/2/12,0.026642
2007/2/13,0.029873
2007/2/14,0.03086
2007/2/15,0.032955
2007/2/16,0.032212
2007/2/17,0.031048
2007/2/25,0.029211
2007/2/26,0.029468
2007/2/27,0.029214
2007/2/28,0.028219
2007/3/1,0.02617
2007/3/2,0.023785
2007/3/5,0.022215
2007/3/6,0.020311
2007/3/7,0.019488
2007/3/8,0.018851
2007/3/9,0.018497
2007/3/12,0.017404
2007/3/13,0.01649
2007/3/14,0.015706
2007/3/15,0.015276
2007/3/16,0.015018
2007/3/19,0.014933
2007/3/20,0.015087
2007/3/21,0.015316
2007/3/22,0.015638
2007/3/23,0.016024
2007/3/26,0.016474
2007/3/27,0.017015
2007/3/28,0.017535
2007/3/29,0.018022
2007/3/30,0.018471
2007/4/2,0.018828
2007/4/3,0.01903
2007/4/4,0.019204
2007/4/5,0.019347
2007/4/6,0.019507
2007/4/9,0.019903
2007/4/10,0.020386
2007/4/11,0.020918
2007/4/12,0.021407
2007/4/13,0.021875
2007/4/16,0.022453
2007/4/17,0.023699
2007/4/18,0.024851
2007/4/19,0.026596
2007/4/20,0.029163
2007/4/23,0.031517
2007/4/24,0.034059
2007/4/25,0.036695
2007/4/26,0.039039
2007/4/27,0.040194
2007/4/28,0.039814
2007/4/29,0.037685
2007/4/30,0.035555
2007/5/8,0.032969
2007/5/9,0.03025
2007/5/10,0.027746
2007/5/11,0.025407
2007/5/14,0.024883
2007/5/15,0.024704
2007/5/16,0.024677
2007/5/17,0.025027
2007/5/18,0.025741
2007/5/21,0.025947
2007/5/22,0.026263
2007/5/23,0.026488
2007/5/24,0.026568
2007/5/25,0.026565
2007/5/28,0.025895
2007/5/29,0.025162
2007/5/30,0.024548
2007/5/31,0.024064
2007/6/1,0.023909
2007/6/4,0.02448
2007/6/5,0.025039
2007/6/6,0.025502
2007/6/7,0.025891
2007/6/8,0.025863
2007/6/11,0.025605
2007/6/12,0.025324
2007/6/13,0.025059
2007/6/14,0.024799
2007/6/15,0.026091
2007/6/18,0.028545
2007/6/19,0.030691
2007/6/20,0.032243
2007/6/21,0.032164
2007/6/22,0.031161
2007/6/25,0.030203
2007/6/26,0.029095
2007/6/27,0.028016
2007/6/28,0.026878
2007/6/29,0.025167
2007/7/2,0.024753
2007/7/3,0.025526
2007/7/4,0.026804
2007/7/5,0.02621
2007/7/6,0.026038
2007/7/9,0.02592
2007/7/10,0.02671
2007/7/11,0.028832
2007/7/12,0.030953
2007/7/13,0.031872
2007/7/16,0.031906
2007/7/17,0.031154
2007/7/18,0.030098
2007/7/19,0.029246
2007/7/20,0.028388
2007/7/23,0.027553
2007/7/24,0.026563
2007/7/25,0.025154
2007/7/26,0.02383
2007/7/27,0.022963
2007/7/30,0.02225
2007/7/31,0.021702
2007/8/1,0.022181
2007/8/2,0.022926
2007/8/3,0.022841
2007/8/6,0.022541
2007/8/7,0.022237
2007/8/8,0.02204
2007/8/9,0.021975
2007/8/10,0.021952
2007/8/13,0.022097
2007/8/14,0.022102
2007/8/15,0.021697
2007/8/16,0.021262
2007/8/17,0.021007
2007/8/20,0.020865
2007/8/21,0.020742
2007/8/22,0.020579
2007/8/23,0.020737
2007/8/24,0.021151
2007/8/27,0.021544
2007/8/28,0.021795
2007/8/29,0.022219
2007/8/30,0.022604
2007/8/31,0.023365
2007/9/3,0.023732
2007/9/4,0.024099
2007/9/5,0.024002
2007/9/6,0.024068
2007/9/7,0.024132
2007/9/10,0.024799
2007/9/11,0.02669
2007/9/12,0.028512
2007/9/13,0.030256
2007/9/14,0.031958
2007/9/17,0.03617
2007/9/18,0.040293
2007/9/19,0.044144
2007/9/20,0.048471
2007/9/21,0.052678
2007/9/24,0.056397
2007/9/25,0.05948
2007/9/26,0.062412
2007/9/27,0.061677
2007/9/28,0.058533
2007/9/29,0.052845
2007/9/30,0.04748
2007/10/8,0.042682
2007/10/9,0.038019
2007/10/10,0.033744
2007/10/11,0.029869
2007/10/12,0.026336
2007/10/15,0.023237
2007/10/16,0.0218
2007/10/17,0.021368
2007/10/18,0.021767
2007/10/19,0.022192
2007/10/22,0.022774
2007/10/23,0.023934
2007/10/24,0.029509
2007/10/25,0.03764
2007/10/26,0.046286
2007/10/29,0.055885
2007/10/30,0.053764
2007/10/31,0.051717
2007/11/1,0.049941
2007/11/2,0.04841
2007/11/5,0.047039
2007/11/6,0.045517
2007/11/7,0.042444
2007/11/8,0.038441
2007/11/9,0.033858
2007/11/12,0.029145
2007/11/13,0.02839
2007/11/14,0.027523
2007/11/15,0.026483
2007/11/16,0.02558
2007/11/19,0.024595
2007/11/20,0.025348
2007/11/21,0.02734
2007/11/22,0.029494
2007/11/23,0.028703
2007/11/26,0.028621
2007/11/27,0.02872
2007/11/28,0.028801
2007/11/29,0.028037
2007/11/30,0.028568
2007/12/3,0.029437
2007/12/4,0.031257
2007/12/5,0.032592
2007/12/6,0.033351
2007/12/7,0.0348
2007/12/10,0.033661
2007/12/11,0.032692
2007/12/12,0.034214
2007/12/13,0.036622
2007/12/14,0.038802
2007/12/17,0.038394
2007/12/18,0.037201
2007/12/19,0.035519
2007/12/20,0.03357
2007/12/21,0.031727
2007/12/24,0.03057
2007/12/25,0.029401
2007/12/26,0.027624
2007/12/27,0.026035
2007/12/28,0.024311
2007/12/29,0.023888
2008/1/2,0.024025
2008/1/3,0.024493
2008/1/4,0.025204
2008/1/7,0.025694
2008/1/8,0.026188
2008/1/9,0.026298
2008/1/10,0.026244
2008/1/11,0.026103
2008/1/14,0.025403
2008/1/15,0.024712
2008/1/16,0.02446
2008/1/17,0.024384
2008/1/18,0.024539
2008/1/21,0.024648
2008/1/22,0.024885
2008/1/23,0.026881
2008/1/24,0.030332
2008/1/25,0.033841
2008/1/28,0.034833
2008/1/29,0.0349
2008/1/30,0.034704
2008/1/31,0.034828
2008/2/1,0.034829
2008/2/2,0.034471
2008/2/3,0.03396
2008/2/4,0.032987
2008/2/5,0.031473
2008/2/13,0.0295
2008/2/14,0.028644
2008/2/15,0.028199
2008/2/18,0.027766
2008/2/19,0.027218
2008/2/20,0.026746
2008/2/21,0.02654
2008/2/22,0.028269
2008/2/25,0.029749
2008/2/26,0.032048
2008/2/27,0.03389
2008/2/28,0.033488
2008/2/29,0.033105
2008/3/3,0.032761
2008/3/4,0.032452
2008/3/5,0.031859
2008/3/6,0.031263
2008/3/7,0.030007
2008/3/10,0.0286
2008/3/11,0.026906
2008/3/12,0.025785
2008/3/13,0.025812
2008/3/14,0.025624
2008/3/17,0.025457
2008/3/18,0.025294
2008/3/19,0.025171
2008/3/20,0.025028
2008/3/21,0.024894
2008/3/24,0.024847
2008/3/25,0.024767
2008/3/26,0.024613
2008/3/27,0.024484
2008/3/28,0.024332
2008/3/31,0.0242
2008/4/1,0.024844
2008/4/2,0.025764
2008/4/3,0.026698
2008/4/7,0.02701
2008/4/8,0.027969
2008/4/9,0.02939
2008/4/10,0.031216
2008/4/11,0.032099
2008/4/14,0.031954
2008/4/15,0.032216
2008/4/16,0.032417
2008/4/17,0.03263
2008/4/18,0.032764
2008/4/21,0.032376
2008/4/22,0.031734
2008/4/23,0.030933
2008/4/24,0.029855
2008/4/25,0.029153
2008/4/28,0.029183
2008/4/29,0.028994
2008/4/30,0.028866
2008/5/4,0.02852
2008/5/5,0.028197
2008/5/6,0.028426
2008/5/7,0.028649
2008/5/8,0.028961
2008/5/9,0.029255
2008/5/12,0.029425
2008/5/13,0.029844
2008/5/14,0.030388
2008/5/15,0.030945
2008/5/16,0.031685
2008/5/19,0.033013
2008/5/20,0.034154
2008/5/21,0.035166
2008/5/22,0.035785
2008/5/23,0.036459
2008/5/26,0.036617
2008/5/27,0.036606
2008/5/28,0.036424
2008/5/29,0.035733
2008/5/30,0.035216
2008/6/2,0.034414
2008/6/3,0.033677
2008/6/4,0.03301
2008/6/5,0.032724
2008/6/6,0.032481
2008/6/10,0.032474
2008/6/11,0.034895
2008/6/12,0.03587
2008/6/13,0.036098
2008/6/16,0.03591
2008/6/17,0.035665
2008/6/18,0.035374
2008/6/19,0.03507
2008/6/20,0.034997
2008/6/23,0.034582
2008/6/24,0.034014
2008/6/25,0.032663
2008/6/26,0.032045
2008/6/27,0.031944
2008/6/30,0.032013
2008/7/1,0.032111
2008/7/2,0.031793
2008/7/3,0.031758
2008/7/4,0.031235
2008/7/7,0.030922
2008/7/8,0.030842
2008/7/9,0.031006
2008/7/10,0.030997
2008/7/11,0.030627
2008/7/14,0.030052
2008/7/15,0.029924
2008/7/16,0.030049
2008/7/17,0.029826
2008/7/18,0.029936
2008/7/21,0.03023
2008/7/22,0.030247
2008/7/23,0.030176
2008/7/24,0.030065
2008/7/25,0.030224
2008/7/28,0.030439
2008/7/29,0.03059
2008/7/30,0.031124
2008/7/31,0.031677
2008/8/1,0.032667
2008/8/4,0.03352
2008/8/5,0.034466
2008/8/6,0.035404
2008/8/7,0.03606
2008/8/8,0.035789
2008/8/11,0.035451
2008/8/12,0.035067
2008/8/13,0.034556
2008/8/14,0.034123
2008/8/15,0.033626
2008/8/18,0.032526
2008/8/19,0.032217
2008/8/20,0.031694
2008/8/21,0.031267
2008/8/22,0.031036
2008/8/25,0.031
2008/8/26,0.030825
2008/8/27,0.03073
2008/8/28,0.030598
2008/8/29,0.030739
2008/9/1,0.030806
2008/9/2,0.030629
2008/9/3,0.030603
2008/9/4,0.030547
2008/9/5,0.030711
2008/9/8,0.030566
2008/9/9,0.030382
2008/9/10,0.030415
2008/9/11,0.030357
2008/9/12,0.03023
2008/9/16,0.030209
2008/9/17,0.030125
2008/9/18,0.030232
2008/9/19,0.030521
2008/9/22,0.030949
2008/9/23,0.031558
2008/9/24,0.032102
2008/9/25,0.032388
2008/9/26,0.032754
2008/9/27,0.033133
2008/9/28,0.03353
2008/10/6,0.033588
2008/10/7,0.034028
2008/10/8,0.034621
2008/10/9,0.034509
2008/10/10,0.034294
2008/10/13,0.034298
2008/10/14,0.034193
2008/10/15,0.033802
2008/10/16,0.033539
2008/10/17,0.033226
2008/10/20,0.032878
2008/10/21,0.032306
2008/10/22,0.031679
2008/10/23,0.031206
2008/10/24,0.030914
2008/10/27,0.030587
2008/10/28,0.030229
2008/10/29,0.029967
2008/10/30,0.029755
2008/10/31,0.029537
2008/11/3,0.029238
2008/11/4,0.029117
2008/11/5,0.02911
2008/11/6,0.029021
2008/11/7,0.02889
2008/11/10,0.028684
2008/11/11,0.028536
2008/11/12,0.028408
2008/11/13,0.028257
2008/11/14,0.027998
2008/11/17,0.027867
2008/11/18,0.027671
2008/11/19,0.027374
2008/11/20,0.027147
2008/11/21,0.026897
2008/11/24,0.02658
2008/11/25,0.026406
2008/11/26,0.026223
2008/11/27,0.026006
2008/11/28,0.025044
2008/12/1,0.024321
2008/12/2,0.023501
2008/12/3,0.022766
2008/12/4,0.022128
2008/12/5,0.02156
2008/12/8,0.020906
2008/12/9,0.020257
2008/12/10,0.019524
2008/12/11,0.018635
2008/12/12,0.017946
2008/12/15,0.017394
2008/12/16,0.016921
2008/12/17,0.016505
2008/12/18,0.015989
2008/12/19,0.015432
2008/12/22,0.015052
2008/12/23,0.014671
2008/12/24,0.014373
2008/12/25,0.01396
2008/12/26,0.013667
2008/12/29,0.013285
2008/12/30,0.01292
2008/12/31,0.012471
2009/1/4,0.011999
2009/1/5,0.011588
2009/1/6,0.011203
2009/1/7,0.010858
2009/1/8,0.010579
2009/1/9,0.010385
2009/1/12,0.01013
2009/1/13,0.009925
2009/1/14,0.009734
2009/1/15,0.00961
2009/1/16,0.009499
2009/1/19,0.009426
2009/1/20,0.009346
2009/1/21,0.009223
2009/1/22,0.009206
2009/1/23,0.009328
2009/1/24,0.009468
2009/2/1,0.009372
2009/2/2,0.009345
2009/2/3,0.009316
2009/2/4,0.009347
2009/2/5,0.009382
2009/2/6,0.009404
2009/2/9,0.009443
2009/2/10,0.009448
2009/2/11,0.009399
2009/2/12,0.009335
2009/2/13,0.009371
2009/2/16,0.009428
2009/2/17,0.009476
2009/2/18,0.009516
2009/2/19,0.009539
2009/2/20,0.009544
2009/2/23,0.00961
2009/2/24,0.009697
2009/2/25,0.009706
2009/2/26,0.009709
2009/2/27,0.009692
2009/3/2,0.009657
2009/3/3,0.009646
2009/3/4,0.009631
2009/3/5,0.009623
2009/3/6,0.009607
2009/3/9,0.009541
2009/3/10,0.009529
2009/3/11,0.009517
2009/3/12,0.009533
2009/3/13,0.009517
2009/3/17,0.009561
2009/3/18,0.009538
2009/3/19,0.009472
2009/3/20,0.009514
2009/3/23,0.00957
2009/3/24,0.009589
2009/3/25,0.009571
2009/3/26,0.009536
2009/3/27,0.009514
2009/3/30,0.009546
2009/3/31,0.009515
2009/4/1,0.009503
2009/4/2,0.009533
2009/4/3,0.009535
2009/4/7,0.009525
2009/4/8,0.009518
2009/4/9,0.009531
2009/4/10,0.009541
2009/4/13,0.009539
2009/4/14,0.009476
2009/4/15,0.009428
2009/4/16,0.009399
2009/4/17,0.009372
2009/4/20,0.009331
2009/4/21,0.009294
2009/4/22,0.00927
2009/4/23,0.009297
2009/4/24,0.009338
2009/4/27,0.009397
2009/4/28,0.009427
2009/4/29,0.009455
2009/4/30,0.009464
2009/5/4,0.009492
2009/5/5,0.009509
2009/5/6,0.009505
2009/5/7,0.009504
2009/5/8,0.009492
2009/5/11,0.009471
2009/5/12,0.009436
2009/5/13,0.009456
2009/5/14,0.009455
2009/5/18,0.009471
2009/5/19,0.009487
2009/5/20,0.009517
2009/5/21,0.009553
2009/5/22,0.009567
2009/5/25,0.0096
2009/5/26,0.009606
2009/5/27,0.009604
2009/5/31,0.009607
2009/6/1,0.009606
2009/6/2,0.009568
2009/6/3,0.009559
2009/6/4,0.009553
2009/6/5,0.009536
2009/6/8,0.009517
2009/6/9,0.009509
2009/6/10,0.009492
2009/6/11,0.009479
2009/6/12,0.00946
2009/6/15,0.009445
2009/6/16,0.009449
2009/6/17,0.009447
2009/6/18,0.009448
2009/6/19,0.009456
2009/6/22,0.009528
2009/6/23,0.009747
2009/6/24,0.009975
2009/6/25,0.010294
2009/6/26,0.010505
2009/6/29,0.010744
2009/6/30,0.011011
2009/7/1,0.011267
2009/7/2,0.011433
2009/7/3,0.011748
2009/7/6,0.01195
2009/7/7,0.012046
2009/7/8,0.012116
2009/7/9,0.012148
2009/7/10,0.012216
2009/7/13,0.012254
2009/7/14,0.012329
2009/7/15,0.01256
2009/7/16,0.012889
2009/7/17,0.013238
2009/7/20,0.013641
2009/7/21,0.01428
2009/7/22,0.015428
2009/7/23,0.016383
2009/7/24,0.017049
2009/7/27,0.017307
2009/7/28,0.017375
2009/7/29,0.017312
2009/7/30,0.017178
2009/7/31,0.01718
2009/8/3,0.017595
2009/8/4,0.018187
2009/8/5,0.017546
2009/8/6,0.017456
2009/8/7,0.017146
2009/8/10,0.016987
2009/8/11,0.016935
2009/8/12,0.016783
2009/8/13,0.016586
2009/8/14,0.016272
2009/8/17,0.015784
2009/8/18,0.015234
2009/8/19,0.014894
2009/8/20,0.014396
2009/8/21,0.014066
2009/8/24,0.013738
2009/8/25,0.01347
2009/8/26,0.013357
2009/8/27,0.013327
2009/8/28,0.013314
2009/8/31,0.013363
2009/9/1,0.013541
2009/9/2,0.013574
2009/9/3,0.013929
2009/9/4,0.014426
2009/9/7,0.01496
2009/9/8,0.015409
2009/9/9,0.015756
2009/9/10,0.016015
2009/9/11,0.016053
2009/9/14,0.015922
2009/9/15,0.015777
2009/9/16,0.015726
2009/9/17,0.015593
2009/9/18,0.015384
2009/9/21,0.015281
2009/9/22,0.015303
2009/9/23,0.015304
2009/9/24,0.015296
2009/9/25,0.015654
2009/9/27,0.015815
2009/9/28,0.015927
2009/9/29,0.015987
2009/9/30,0.016153
2009/10/9,0.016574
2009/10/10,0.016701
2009/10/12,0.016731
2009/10/13,0.016643
2009/10/14,0.016567
2009/10/15,0.016349
2009/10/16,0.01619
2009/10/19,0.016058
2009/10/20,0.015977
2009/10/21,0.015802
2009/10/22,0.015598
2009/10/23,0.015398
2009/10/26,0.015155
2009/10/27,0.015057
2009/10/28,0.014899
2009/10/29,0.014837
2009/10/30,0.014683
2009/11/2,0.014462
2009/11/3,0.014248
2009/11/4,0.014281
2009/11/5,0.014111
2009/11/6,0.014126
2009/11/9,0.014163
2009/11/10,0.014212
2009/11/11,0.014291
2009/11/12,0.014321
2009/11/13,0.014397
2009/11/16,0.014512
2009/11/17,0.014441
2009/11/18,0.014398
2009/11/19,0.014379
2009/11/20,0.014312
2009/11/23,0.014331
2009/11/24,0.014362
2009/11/25,0.01428
2009/11/26,0.014254
2009/11/27,0.01424
2009/11/30,0.014265
2009/12/1,0.014344
2009/12/2,0.014376
2009/12/3,0.014445
2009/12/4,0.014544
2009/12/7,0.014619
2009/12/8,0.014678
2009/12/9,0.014649
2009/12/10,0.014683
2009/12/11,0.014694
2009/12/14,0.014719
2009/12/15,0.014738
2009/12/16,0.014718
2009/12/17,0.014655
2009/12/18,0.014634
2009/12/21,0.014605
2009/12/22,0.014555
2009/12/23,0.014554
2009/12/24,0.014459
2009/12/25,0.014365
2009/12/28,0.014377
2009/12/29,0.014489
2009/12/30,0.014707
2009/12/31,0.014904
2010/1/4,0.015023
2010/1/5,0.014905
2010/1/6,0.014791
2010/1/7,0.014682
2010/1/8,0.014578
2010/1/11,0.014516
2010/1/12,0.014384
2010/1/13,0.014276
2010/1/14,0.014106
2010/1/15,0.014066
2010/1/18,0.014004
2010/1/19,0.013981
2010/1/20,0.013914
2010/1/21,0.014024
2010/1/22,0.014031
2010/1/25,0.014154
2010/1/26,0.014076
2010/1/27,0.014276
2010/1/28,0.014527
2010/1/29,0.015118
2010/2/1,0.015701
2010/2/2,0.016161
2010/2/3,0.016567
2010/2/4,0.016827
2010/2/5,0.01714
2010/2/8,0.017288
2010/2/9,0.017644
2010/2/10,0.017965
2010/2/11,0.018463
2010/2/12,0.019824
2010/2/20,0.020748
2010/2/21,0.020658
2010/2/22,0.019963
2010/2/23,0.019322
2010/2/24,0.018896
2010/2/25,0.018638
2010/2/26,0.018399
2010/3/1,0.018124
2010/3/2,0.017754
2010/3/3,0.017125
2010/3/4,0.016747
2010/3/5,0.016629
2010/3/8,0.016757
2010/3/9,0.016807
2010/3/10,0.016864
2010/3/11,0.016984
2010/3/12,0.016981
2010/3/15,0.016956
2010/3/16,0.016885
2010/3/17,0.016793
2010/3/18,0.016704
2010/3/19,0.016661
2010/3/22,0.016599
2010/3/23,0.016522
2010/3/24,0.016397
2010/3/25,0.016227
2010/3/26,0.016117
2010/3/29,0.015999
2010/3/30,0.015884
2010/3/31,0.015906
2010/4/1,0.015887
2010/4/2,0.015826
2010/4/6,0.015806
2010/4/7,0.015849
2010/4/8,0.016002
2010/4/9,0.016171
2010/4/12,0.016312
2010/4/13,0.016376
2010/4/14,0.01651
2010/4/15,0.016544
2010/4/16,0.016621
2010/4/19,0.016698
2010/4/20,0.016618
2010/4/21,0.016624
2010/4/22,0.016644
2010/4/23,0.016598
2010/4/26,0.016641
2010/4/27,0.016622
2010/4/28,0.016585
2010/4/29,0.016515
2010/4/30,0.016422
2010/5/4,0.01634
2010/5/5,0.016342
2010/5/6,0.016365
2010/5/7,0.016437
2010/5/10,0.016535
2010/5/11,0.01658
2010/5/12,0.016662
2010/5/13,0.016773
2010/5/14,0.016903
2010/5/17,0.01704
2010/5/18,0.017144
2010/5/19,0.017241
2010/5/20,0.017359
2010/5/21,0.017458
2010/5/24,0.017598
2010/5/25,0.017814
2010/5/26,0.018103
2010/5/27,0.018743
2010/5/28,0.019662
2010/5/31,0.020351
2010/6/1,0.021236
2010/6/2,0.023054
2010/6/3,0.02481
2010/6/4,0.026218
2010/6/7,0.026034
2010/6/8,0.0254
2010/6/9,0.025194
2010/6/10,0.024921
2010/6/11,0.024965
2010/6/12,0.025397
2010/6/13,0.02576
2010/6/17,0.025502
2010/6/18,0.025209
2010/6/21,0.025173
2010/6/22,0.025574
2010/6/23,0.026328
2010/6/24,0.026671
2010/6/25,0.027255
2010/6/28,0.027991
2010/6/29,0.028087
2010/6/30,0.028205
2010/7/1,0.028033
2010/7/2,0.027905
2010/7/5,0.027648
2010/7/6,0.027374
2010/7/7,0.027224
2010/7/8,0.026835
2010/7/9,0.026267
2010/7/12,0.025478
2010/7/13,0.024581
2010/7/14,0.023642
2010/7/15,0.022654
2010/7/16,0.021841
2010/7/19,0.021125
2010/7/20,0.020488
2010/7/21,0.019787
2010/7/22,0.019315
2010/7/23,0.01875
2010/7/26,0.018378
2010/7/27,0.018098
2010/7/28,0.017896
2010/7/29,0.017734
2010/7/30,0.01754
2010/8/2,0.01736
2010/8/3,0.017153
2010/8/4,0.017063
2010/8/5,0.016885
2010/8/6,0.01688
2010/8/9,0.016839
2010/8/10,0.016811
2010/8/11,0.016878
2010/8/12,0.0169
2010/8/13,0.016976
2010/8/16,0.017055
2010/8/17,0.017201
2010/8/18,0.01733
2010/8/19,0.017438
2010/8/20,0.017465
2010/8/23,0.017497
2010/8/24,0.017489
2010/8/25,0.017512
2010/8/26,0.01758
2010/8/27,0.017716
2010/8/30,0.018477
2010/8/31,0.019494
2010/9/1,0.021054
2010/9/2,0.022825
2010/9/3,0.02343
2010/9/6,0.023764
2010/9/7,0.023938
2010/9/8,0.024077
2010/9/9,0.024144
2010/9/10,0.024265
2010/9/13,0.024145
2010/9/14,0.024074
2010/9/15,0.023742
2010/9/16,0.023144
2010/9/17,0.023377
2010/9/19,0.02301
2010/9/20,0.022444
2010/9/21,0.022472
2010/9/25,0.022501
2010/9/26,0.022496
2010/9/27,0.023586
2010/9/28,0.023704
2010/9/29,0.023983
2010/9/30,0.024617
2010/10/8,0.025161
2010/10/9,0.025701
2010/10/11,0.025005
2010/10/12,0.024314
2010/10/13,0.023625
2010/10/14,0.023022
2010/10/15,0.022085
2010/10/18,0.021539
2010/10/19,0.021006
2010/10/20,0.020351
2010/10/21,0.019788
2010/10/22,0.019336
2010/10/25,0.019365
2010/10/26,0.019361
2010/10/27,0.019392
2010/10/28,0.019549
2010/10/29,0.019666
2010/11/1,0.019761
2010/11/2,0.019811
2010/11/3,0.019604
2010/11/4,0.019406
2010/11/5,0.019232
2010/11/8,0.018758
2010/11/9,0.018358
2010/11/10,0.018008
2010/11/11,0.017626
2010/11/12,0.017361
2010/11/15,0.017148
2010/11/17,0.017107
2010/11/18,0.017371
2010/11/19,0.017733
2010/11/22,0.0183
2010/11/23,0.01892
2010/11/24,0.019559
2010/11/25,0.020323
2010/11/26,0.021273
2010/11/29,0.022403
2010/11/30,0.023376
2010/12/1,0.025188
2010/12/2,0.026769
2010/12/3,0.028147
2010/12/6,0.02933
2010/12/7,0.029952
2010/12/8,0.029177
2010/12/9,0.028878
2010/12/10,0.028485
2010/12/13,0.028012
2010/12/14,0.027725
2010/12/15,0.028201
2010/12/16,0.029149
2010/12/17,0.029659
2010/12/20,0.03059
2010/12/21,0.031294
2010/12/22,0.033211
2010/12/23,0.034933
2010/12/24,0.038832
2010/12/27,0.041922
2010/12/28,0.044208
2010/12/29,0.046953
2010/12/30,0.049716
2010/12/31,0.052698
2011/1/4,0.053449
2011/1/5,0.052725
2011/1/6,0.050276
2011/1/7,0.047845
2011/1/10,0.044354
2011/1/11,0.040713
2011/1/12,0.037703
2011/1/13,0.034637
2011/1/14,0.031444
2011/1/17,0.028746
2011/1/18,0.027041
2011/1/19,0.026355
2011/1/20,0.028215
2011/1/21,0.033015
2011/1/24,0.0396
2011/1/25,0.042447
2011/1/26,0.048607
2011/1/27,0.05437
2011/1/28,0.060346
2011/1/30,0.065261
2011/1/31,0.070583
2011/2/1,0.074565
2011/2/9,0.070201
2011/2/10,0.066369
2011/2/11,0.061869
2011/2/12,0.05896
2011/2/14,0.053139
2011/2/15,0.047858
2011/2/16,0.042711
2011/2/17,0.038122
2011/2/18,0.03413
2011/2/21,0.030648
2011/2/22,0.035102
2011/2/23,0.038839
2011/2/24,0.042356
2011/2/25,0.041517
2011/2/28,0.040826
2011/3/1,0.039954
2011/3/2,0.039183
2011/3/3,0.038515
2011/3/4,0.03695
2011/3/7,0.03519
2011/3/8,0.031733
2011/3/9,0.028601
2011/3/10,0.025662
2011/3/11,0.024675
2011/3/14,0.023671
2011/3/15,0.022774
2011/3/16,0.021964
2011/3/17,0.021227
2011/3/18,0.020865
2011/3/21,0.020705
2011/3/22,0.021983
2011/3/23,0.022936
2011/3/24,0.023654
2011/3/25,0.02419
2011/3/28,0.024184
2011/3/29,0.024238
2011/3/30,0.02404
2011/3/31,0.024611
2011/4/1,0.025436
2011/4/2,0.026093
2011/4/6,0.025402
2011/4/7,0.025039
2011/4/8,0.024265
2011/4/11,0.024204
2011/4/12,0.023664
2011/4/13,0.023154
2011/4/14,0.022775
2011/4/15,0.022745
2011/4/18,0.022572
2011/4/19,0.022942
2011/4/20,0.02396
2011/4/21,0.024859
2011/4/22,0.027308
2011/4/25,0.028706
2011/4/26,0.031049
2011/4/27,0.033623
2011/4/28,0.034887
2011/4/29,0.034827
2011/5/3,0.034639
2011/5/4,0.034321
2011/5/5,0.033932
2011/5/6,0.033522
2011/5/9,0.032306
2011/5/10,0.031411
2011/5/11,0.030344
2011/5/12,0.029205
2011/5/13,0.028525
2011/5/16,0.029562
2011/5/17,0.032145
2011/5/18,0.034356
2011/5/19,0.034355
2011/5/20,0.034902
2011/5/23,0.036195
2011/5/24,0.038332
2011/5/25,0.040331
2011/5/26,0.042967
2011/5/27,0.04493
2011/5/30,0.045271
2011/5/31,0.043634
2011/6/1,0.04274
2011/6/2,0.042746
2011/6/3,0.041973
2011/6/7,0.040946
2011/6/8,0.039309
2011/6/9,0.038675
2011/6/10,0.038273
2011/6/13,0.038781
2011/6/14,0.039444
2011/6/15,0.040045
2011/6/16,0.043483
2011/6/17,0.047159
2011/6/20,0.050818
2011/6/21,0.05536
2011/6/22,0.060856
2011/6/23,0.066222
2011/6/24,0.071258
2011/6/27,0.074585
2011/6/28,0.07592
2011/6/29,0.076369
2011/6/30,0.075265
2011/7/1,0.074315
2011/7/4,0.072405
2011/7/5,0.068578
2011/7/6,0.06784
2011/7/7,0.067665
2011/7/8,0.064646
2011/7/11,0.063095
2011/7/12,0.061071
2011/7/13,0.058868
2011/7/14,0.055447
2011/7/15,0.054064
2011/7/18,0.051897
2011/7/19,0.051124
2011/7/20,0.049409
2011/7/21,0.048871
2011/7/22,0.05003
2011/7/25,0.050097
2011/7/26,0.05034
2011/7/27,0.050439
2011/7/28,0.051026
2011/7/29,0.051032
2011/8/1,0.051595
2011/8/2,0.051728
2011/8/3,0.051579
2011/8/4,0.04981
2011/8/5,0.046715
2011/8/8,0.043781
2011/8/9,0.041213
2011/8/10,0.039191
2011/8/11,0.0374
2011/8/12,0.035708
2011/8/15,0.034116
2011/8/16,0.032968
2011/8/17,0.03199
2011/8/18,0.031556
2011/8/19,0.032539
2011/8/22,0.034572
2011/8/23,0.037158
2011/8/24,0.039724
2011/8/25,0.040916
2011/8/26,0.042069
2011/8/29,0.042492
2011/8/30,0.043294
2011/8/31,0.044854
2011/9/1,0.046236
2011/9/2,0.046862
2011/9/5,0.04625
2011/9/6,0.046437
2011/9/7,0.045893
2011/9/8,0.045609
2011/9/9,0.044797
2011/9/13,0.043746
2011/9/14,0.042086
2011/9/15,0.040294
2011/9/16,0.038737
2011/9/19,0.037414
2011/9/20,0.036896
2011/9/21,0.036687
2011/9/22,0.036859
2011/9/23,0.036851
2011/9/26,0.037339
2011/9/27,0.037478
2011/9/28,0.039134
2011/9/29,0.04089
2011/9/30,0.042797
2011/10/8,0.044479
2011/10/9,0.045749
2011/10/10,0.046412
2011/10/11,0.04642
2011/10/12,0.046164
2011/10/13,0.044519
2011/10/14,0.042926
2011/10/17,0.040985
2011/10/18,0.039438
2011/10/19,0.038108
2011/10/20,0.036755
2011/10/21,0.035724
2011/10/24,0.034851
2011/10/25,0.034211
2011/10/26,0.034652
2011/10/27,0.035688
2011/10/28,0.037415
2011/10/31,0.039707
2011/11/1,0.04156
2011/11/2,0.042288
2011/11/3,0.04199
2011/11/4,0.041219
2011/11/7,0.040659
2011/11/8,0.040296
2011/11/9,0.039609
2011/11/10,0.038879
2011/11/11,0.037893
2011/11/14,0.03677
2011/11/15,0.035492
2011/11/16,0.034674
2011/11/17,0.034381
2011/11/18,0.034579
2011/11/21,0.034933
2011/11/22,0.03598
2011/11/23,0.037227
2011/11/24,0.038279
2011/11/25,0.038937
2011/11/28,0.039373
2011/11/29,0.039801
2011/11/30,0.039697
2011/12/1,0.040041
2011/12/2,0.040254
2011/12/5,0.039901
2011/12/6,0.038737
2011/12/7,0.037694
2011/12/8,0.036881
2011/12/9,0.0363
2011/12/12,0.035913
2011/12/13,0.035617
2011/12/14,0.035445
2011/12/15,0.034733
2011/12/16,0.034422
2011/12/19,0.033743
2011/12/20,0.033257
2011/12/21,0.033092
2011/12/22,0.033454
2011/12/23,0.034023
2011/12/26,0.03446
2011/12/27,0.035519
2011/12/28,0.036917
2011/12/29,0.038842
2011/12/30,0.041372
2011/12/31,0.044166
2012/1/4,0.047822
2012/1/5,0.04762
2012/1/6,0.047858
2012/1/9,0.047703
2012/1/10,0.047897
2012/1/11,0.047173
2012/1/12,0.046231
2012/1/13,0.045474
2012/1/16,0.045521
2012/1/17,0.047319
2012/1/18,0.050057
2012/1/19,0.054639
2012/1/20,0.055913
2012/1/21,0.055736
2012/1/29,0.053664
2012/1/30,0.052654
2012/1/31,0.051992
2012/2/1,0.05125
2012/2/2,0.050217
2012/2/3,0.048562
2012/2/6,0.045032
2012/2/7,0.041665
2012/2/8,0.039678
2012/2/9,0.03873
2012/2/10,0.038464
2012/2/13,0.037938
2012/2/14,0.037419
2012/2/15,0.037164
2012/2/16,0.037098
2012/2/17,0.037733
2012/2/20,0.040279
2012/2/21,0.042628
2012/2/22,0.044535
2012/2/23,0.045922
2012/2/24,0.047817
2012/2/27,0.048
2012/2/28,0.046924
2012/2/29,0.045871
2012/3/1,0.044585
2012/3/2,0.042869
2012/3/5,0.040789
2012/3/6,0.038679
2012/3/7,0.036819
2012/3/8,0.035154
2012/3/9,0.033183
2012/3/12,0.032042
2012/3/13,0.031184
2012/3/14,0.030712
2012/3/15,0.030382
2012/3/16,0.030015
2012/3/19,0.029706
2012/3/20,0.029485
2012/3/21,0.029475
2012/3/22,0.029597
2012/3/23,0.029934
2012/3/26,0.029899
2012/3/27,0.030467
2012/3/28,0.030882
2012/3/29,0.031603
2012/3/30,0.032286
2012/3/31,0.033195
2012/4/1,0.033638
2012/4/5,0.033957
2012/4/6,0.035019
2012/4/9,0.036295
2012/4/10,0.036845
2012/4/11,0.037087
2012/4/12,0.037417
2012/4/13,0.037616
2012/4/16,0.037819
2012/4/17,0.037895
2012/4/18,0.038041
2012/4/19,0.03817
2012/4/20,0.038063
2012/4/23,0.038039
2012/4/24,0.038044
2012/4/25,0.037997
2012/4/26,0.038204
2012/4/27,0.03847
2012/4/28,0.038547
2012/5/2,0.038474
2012/5/3,0.038462
2012/5/4,0.038514
2012/5/7,0.038521
2012/5/8,0.038329
2012/5/9,0.038166
2012/5/10,0.037479
2012/5/11,0.036603
2012/5/14,0.035713
2012/5/15,0.034858
2012/5/16,0.033712
2012/5/17,0.032591
2012/5/18,0.031401
2012/5/21,0.030338
2012/5/22,0.029395
2012/5/23,0.028603
2012/5/24,0.0277
2012/5/25,0.026636
2012/5/28,0.026094
2012/5/29,0.025643
2012/5/30,0.025524
2012/5/31,0.025084
2012/6/1,0.024476
2012/6/4,0.024234
2012/6/5,0.02426
2012/6/6,0.024368
2012/6/7,0.024607
2012/6/8,0.025075
2012/6/11,0.025015
2012/6/12,0.024903
2012/6/13,0.024944
2012/6/14,0.025334
2012/6/15,0.025793
2012/6/18,0.026135
2012/6/19,0.026112
2012/6/20,0.026672
2012/6/21,0.027898
2012/6/25,0.030283
2012/6/26,0.032364
2012/6/27,0.034412
2012/6/28,0.036114
2012/6/29,0.037179
2012/7/2,0.038373
2012/7/3,0.03948
2012/7/4,0.040586
2012/7/5,0.040896
2012/7/6,0.041139
2012/7/9,0.040064
2012/7/10,0.038978
2012/7/11,0.037894
2012/7/12,0.036879
2012/7/13,0.035984
2012/7/16,0.035299
2012/7/17,0.034568
2012/7/18,0.033904
2012/7/19,0.033756
2012/7/20,0.033635
2012/7/23,0.033898
2012/7/24,0.034188
2012/7/25,0.034203
2012/7/26,0.034163
2012/7/27,0.034234
2012/7/30,0.033863
2012/7/31,0.033552
2012/8/1,0.033593
2012/8/2,0.033613
2012/8/3,0.033716
2012/8/6,0.03363
2012/8/7,0.033587
2012/8/8,0.033409
2012/8/9,0.033291
2012/8/10,0.033205
2012/8/13,0.033264
2012/8/14,0.033392
2012/8/15,0.033404
2012/8/16,0.033496
2012/8/17,0.033719
2012/8/20,0.034489
2012/8/21,0.034773
2012/8/22,0.035298
2012/8/23,0.035851
2012/8/24,0.036342
2012/8/27,0.036502
2012/8/28,0.036375
2012/8/29,0.035716
2012/8/30,0.035725
2012/8/31,0.03578
2012/9/3,0.03552
2012/9/4,0.035215
2012/9/5,0.033553
2012/9/6,0.033415
2012/9/7,0.033253
2012/9/10,0.033209
2012/9/11,0.032663
2012/9/12,0.032352
2012/9/13,0.032493
2012/9/14,0.032574
2012/9/17,0.032584
2012/9/18,0.032497
2012/9/19,0.032762
2012/9/20,0.032761
2012/9/21,0.033663
2012/9/24,0.035239
2012/9/25,0.037009
2012/9/26,0.038933
2012/9/27,0.039137
2012/9/28,0.039235
2012/9/29,0.038211
2012/10/8,0.037483
2012/10/9,0.037943
2012/10/10,0.038155
2012/10/11,0.037116
2012/10/12,0.035923
2012/10/15,0.034801
2012/10/16,0.033101
2012/10/17,0.032032
2012/10/18,0.031202
2012/10/19,0.030595
2012/10/22,0.029991
2012/10/23,0.029105
2012/10/24,0.028647
2012/10/25,0.028933
2012/10/26,0.029871
2012/10/29,0.030867
2012/10/30,0.032889
2012/10/31,0.033146
2012/11/1,0.03326
2012/11/2,0.033781
2012/11/5,0.034188
2012/11/6,0.034443
2012/11/7,0.03437
2012/11/8,0.034037
2012/11/9,0.033731
2012/11/12,0.033142
2012/11/13,0.032258
2012/11/14,0.032136
2012/11/15,0.032329
2012/11/16,0.032355
2012/11/19,0.031777
2012/11/20,0.031723
2012/11/21,0.03197
2012/11/22,0.032058
2012/11/23,0.032056
2012/11/26,0.03155
2012/11/27,0.031162
2012/11/28,0.030788
2012/11/29,0.031063
2012/11/30,0.031291
2012/12/3,0.031794
2012/12/4,0.032044
2012/12/5,0.031474
2012/12/6,0.030903
2012/12/7,0.030514
2012/12/10,0.030619
2012/12/11,0.030691
2012/12/12,0.030718
2012/12/13,0.030462
2012/12/14,0.02975
2012/12/17,0.029566
2012/12/18,0.029459
2012/12/19,0.029587
2012/12/20,0.029807
2012/12/21,0.030598
2012/12/24,0.031153
2012/12/25,0.031263
2012/12/26,0.032216
2012/12/27,0.033222
2012/12/28,0.034857
2012/12/31,0.036083
2013/1/4,0.037869
2013/1/5,0.038692
2013/1/6,0.038883
2013/1/7,0.038514
2013/1/8,0.03773
2013/1/9,0.037083
2013/1/10,0.036034
2013/1/11,0.034895
2013/1/14,0.033385
2013/1/15,0.032064
2013/1/16,0.030709
2013/1/17,0.029736
2013/1/18,0.02901
2013/1/21,0.028621
2013/1/22,0.028567
2013/1/23,0.028612
2013/1/24,0.028703
2013/1/25,0.02861
2013/1/28,0.028436
2013/1/29,0.0287
2013/1/30,0.029089
2013/1/31,0.029635
2013/2/1,0.030187
2013/2/4,0.030752
2013/2/5,0.031414
2013/2/6,0.031858
2013/2/7,0.03278
2013/2/8,0.034258
2013/2/16,0.034949
2013/2/17,0.034095
2013/2/18,0.033532
2013/2/19,0.032943
2013/2/20,0.032399
2013/2/21,0.03191
2013/2/22,0.03147
2013/2/25,0.031273
2013/2/26,0.031191
2013/2/27,0.031714
2013/2/28,0.033117
2013/3/1,0.034922
2013/3/4,0.036652
2013/3/5,0.038004
2013/3/6,0.037568
2013/3/7,0.036855
2013/3/8,0.035505
2013/3/11,0.034153
2013/3/12,0.033581
2013/3/13,0.032846
2013/3/14,0.031919
2013/3/15,0.031158
2013/3/18,0.030805
2013/3/19,0.030062
2013/3/20,0.029901
2013/3/21,0.030362
2013/3/22,0.030685
2013/3/25,0.030825
2013/3/26,0.030628
2013/3/27,0.030606
2013/3/28,0.030323
2013/3/29,0.030521
2013/4/1,0.030935
2013/4/2,0.031449
2013/4/3,0.031961
2013/4/7,0.031985
2013/4/8,0.032238
2013/4/9,0.032484
2013/4/10,0.032703
2013/4/11,0.032746
2013/4/12,0.032588
2013/4/15,0.032162
2013/4/16,0.031661
2013/4/17,0.031305
2013/4/18,0.030946
2013/4/19,0.03057
2013/4/22,0.030497
2013/4/23,0.030529
2013/4/24,0.031296
2013/4/25,0.033676
2013/4/26,0.036313
2013/4/27,0.036577
2013/4/28,0.036712
2013/5/2,0.03605
2013/5/3,0.035395
2013/5/6,0.035271
2013/5/7,0.03501
2013/5/8,0.034716
2013/5/9,0.033892
2013/5/10,0.032719
2013/5/13,0.031313
2013/5/14,0.030735
2013/5/15,0.030089
2013/5/16,0.029744
2013/5/17,0.030115
2013/5/20,0.03104
2013/5/21,0.032906
2013/5/22,0.034698
2013/5/23,0.035803
2013/5/24,0.037028
2013/5/27,0.038119
2013/5/28,0.039048
2013/5/29,0.039111
2013/5/30,0.039439
2013/5/31,0.040206
2013/6/3,0.041571
2013/6/4,0.042204
2013/6/5,0.042876
2013/6/6,0.043791
2013/6/7,0.045279
2013/6/8,0.04898
2013/6/9,0.053847
2013/6/13,0.055748
2013/6/14,0.058006
2013/6/17,0.060557
2013/6/18,0.062504
2013/6/19,0.064241
2013/6/20,0.067882
2013/6/21,0.076298
2013/6/24,0.080022
2013/6/25,0.079947
2013/6/26,0.079141
2013/6/27,0.079272
2013/6/28,0.078334
2013/7/1,0.07633
2013/7/2,0.073457
2013/7/3,0.069859
2013/7/4,0.065032
2013/7/5,0.058345
2013/7/8,0.053397
2013/7/9,0.049668
2013/7/10,0.046275
2013/7/11,0.043263
2013/7/12,0.041181
2013/7/15,0.039592
2013/7/16,0.038542
2013/7/17,0.037829
2013/7/18,0.037312
2013/7/19,0.037193
2013/7/22,0.037218
2013/7/23,0.037572
2013/7/24,0.038032
2013/7/25,0.038501
2013/7/26,0.039187
2013/7/29,0.039992
2013/7/30,0.041778
2013/7/31,0.043268
2013/8/1,0.044669
2013/8/2,0.045258
2013/8/5,0.045394
2013/8/6,0.045438
2013/8/7,0.04513
2013/8/8,0.044452
2013/8/9,0.04355
2013/8/12,0.042464
2013/8/13,0.041134
2013/8/14,0.040073
2013/8/15,0.039329
2013/8/16,0.039085
2013/8/19,0.038723
2013/8/20,0.03892
2013/8/21,0.039712
2013/8/22,0.040285
2013/8/23,0.040615
2013/8/26,0.041024
2013/8/27,0.041197
2013/8/28,0.041615
2013/8/29,0.041978
2013/8/30,0.04231
2013/9/2,0.041792
2013/9/3,0.041146
2013/9/4,0.040351
2013/9/5,0.039376
2013/9/6,0.038546
2013/9/9,0.037792
2013/9/10,0.037307
2013/9/11,0.036865
2013/9/12,0.036228
2013/9/13,0.035746
2013/9/16,0.035677
2013/9/17,0.035474
2013/9/18,0.035541
2013/9/22,0.035991
2013/9/23,0.036677
2013/9/24,0.037889
2013/9/25,0.039122
2013/9/26,0.039453
2013/9/27,0.039928
2013/9/29,0.039711
2013/9/30,0.039744
2013/10/8,0.04042
2013/10/9,0.041196
2013/10/10,0.041989
2013/10/11,0.042535
2013/10/12,0.042453
2013/10/14,0.042285
2013/10/15,0.041788
2013/10/16,0.041339
2013/10/17,0.04039
2013/10/18,0.039477
2013/10/21,0.038628
2013/10/22,0.037873
2013/10/23,0.037137
2013/10/24,0.037214
2013/10/25,0.038523
2013/10/28,0.040112
2013/10/29,0.041706
2013/10/30,0.043182
2013/10/31,0.045788
2013/11/1,0.047143
2013/11/4,0.047647
2013/11/5,0.047805
2013/11/6,0.047668
2013/11/7,0.046727
2013/11/8,0.045506
2013/11/11,0.044322
2013/11/12,0.043089
2013/11/13,0.041621
2013/11/14,0.040143
2013/11/15,0.039993
2013/11/18,0.041839
2013/11/19,0.043601
2013/11/20,0.044524
2013/11/21,0.045399
2013/11/22,0.046297
2013/11/25,0.047059
2013/11/26,0.047777
2013/11/27,0.048407
2013/11/28,0.048923
2013/11/29,0.049299
2013/12/2,0.048689
2013/12/3,0.048005
2013/12/4,0.047665
2013/12/5,0.047347
2013/12/6,0.047004
2013/12/9,0.046672
2013/12/10,0.046297
2013/12/11,0.045929
2013/12/12,0.045448
2013/12/13,0.044883
2013/12/16,0.044486
2013/12/17,0.044384
2013/12/18,0.044795
2013/12/19,0.047488
2013/12/20,0.05105
2013/12/23,0.056034
2013/12/24,0.06167
2013/12/25,0.063071
2013/12/26,0.063062
2013/12/27,0.062707
2013/12/30,0.062032
2013/12/31,0.061086
2014/1/2,0.060762
2014/1/3,0.059023
2014/1/6,0.056573
2014/1/7,0.053564
2014/1/8,0.049932
2014/1/9,0.047764
2014/1/10,0.046175
2014/1/13,0.044888
2014/1/14,0.043836
2014/1/15,0.042995
2014/1/16,0.041954
2014/1/17,0.041745
2014/1/20,0.042948
2014/1/21,0.046223
2014/1/22,0.047817
2014/1/23,0.048972
2014/1/24,0.050212
2014/1/26,0.05019
2014/1/27,0.050489
2014/1/28,0.050918
2014/1/29,0.051618
2014/1/30,0.052344
2014/2/7,0.051997
2014/2/8,0.051578
2014/2/10,0.051483
2014/2/11,0.051642
2014/2/12,0.051574
2014/2/13,0.051922
2014/2/14,0.051824
2014/2/17,0.050687
2014/2/18,0.048793
2014/2/19,0.046857
2014/2/20,0.045288
2014/2/21,0.043508
2014/2/24,0.041484
2014/2/25,0.039524
2014/2/26,0.037712
2014/2/27,0.03589
2014/2/28,0.034888
2014/3/3,0.034432
2014/3/4,0.033276
2014/3/5,0.033299
2014/3/6,0.033738
2014/3/7,0.032226
2014/3/10,0.030918
2014/3/11,0.029631
2014/3/12,0.028435
2014/3/13,0.027369
2014/3/14,0.026632
2014/3/17,0.026021
2014/3/18,0.025982
2014/3/19,0.025914
2014/3/20,0.026552
2014/3/21,0.027921
2014/3/24,0.029281
2014/3/25,0.03061
2014/3/26,0.031923
2014/3/27,0.033505
2014/3/28,0.036213
2014/3/31,0.037692
2014/4/1,0.038938
2014/4/2,0.039976
2014/4/3,0.040583
2014/4/4,0.040937
2014/4/8,0.039603
2014/4/9,0.039272
2014/4/10,0.039059
2014/4/11,0.038771
2014/4/14,0.038016
2014/4/15,0.037368
2014/4/16,0.036628
2014/4/17,0.034924
2014/4/18,0.033399
2014/4/21,0.032154
2014/4/22,0.0315
2014/4/23,0.031123
2014/4/24,0.030797
2014/4/25,0.031128
2014/4/28,0.03138
2014/4/29,0.032495
2014/4/30,0.0337
2014/5/4,0.035138
2014/5/5,0.035751
2014/5/6,0.035532
2014/5/7,0.035336
2014/5/8,0.034953
2014/5/9,0.034729
2014/5/12,0.034248
2014/5/13,0.033801
2014/5/14,0.033147
2014/5/15,0.032551
2014/5/16,0.031894
