2004/1/2,0.021303
2004/1/5,0.02126
2004/1/6,0.02124
2004/1/7,0.021187
2004/1/8,0.021139
2004/1/9,0.021088
2004/1/12,0.021
2004/1/14,0.02096
2004/1/15,0.02099
2004/1/16,0.0221
2004/1/17,0.0322
2004/1/18,0.035
2004/1/19,0.0325
2004/1/20,0.03295
2004/1/21,0.033
2004/1/29,0.0244
2004/1/30,0.027
2004/2/2,0.02718
2004/2/3,0.02395
2004/2/4,0.02342
2004/2/5,0.0232
2004/2/6,0.023053
2004/2/9,0.022828
2004/2/10,0.0226
2004/2/11,0.0223
2004/2/12,0.02214
2004/2/13,0.02189
2004/2/16,0.0217
2004/2/17,0.02152
2004/2/18,0.021423
2004/2/19,0.0213
2004/2/20,0.021215
2004/2/23,0.02107
2004/2/24,0.02093
2004/2/25,0.02074
2004/2/26,0.02067
2004/2/27,0.02045
2004/3/1,0.020395
2004/3/2,0.02017
2004/3/3,0.02
2004/3/4,0.01985
2004/3/5,0.0197
2004/3/8,0.0195
2004/3/9,0.019491
2004/3/10,0.01943
2004/3/11,0.01925
2004/3/12,0.01922
2004/3/15,0.019118
2004/3/16,0.01904
2004/3/17,0.018825
2004/3/18,0.01872
2004/3/19,0.0186
2004/3/22,0.01846
2004/3/23,0.01839
2004/3/24,0.01852
2004/3/25,0.0189
2004/3/26,0.01882
2004/3/29,0.01884
2004/3/30,0.018884
2004/3/31,0.018818
2004/4/1,0.018835
2004/4/2,0.0187
2004/4/5,0.0186
2004/4/6,0.01858
2004/4/7,0.018524
2004/4/8,0.018461
2004/4/9,0.01837
2004/4/12,0.01844
2004/4/13,0.01955
2004/4/14,0.020149
2004/4/15,0.02063
2004/4/16,0.020988
2004/4/19,0.0215
2004/4/20,0.0219
2004/4/21,0.02305
2004/4/22,0.023836
2004/4/23,0.0244
2004/4/26,0.02445
2004/4/27,0.0241
2004/4/28,0.023911
2004/4/29,0.0249
2004/4/30,0.024
2004/5/8,0.022735
2004/5/9,0.02255
2004/5/10,0.02248
2004/5/11,0.0224
2004/5/12,0.02225
2004/5/13,0.02216
2004/5/14,0.022
2004/5/17,0.02179
2004/5/18,0.021659
2004/5/19,0.021738
2004/5/20,0.02179
2004/5/21,0.02112
2004/5/24,0.021095
2004/5/25,0.021053
2004/5/26,0.02108
2004/5/27,0.021211
2004/5/28,0.02133
2004/5/31,0.0221
2004/6/1,0.02275
2004/6/2,0.0235
2004/6/3,0.024788
2004/6/4,0.02486
2004/6/7,0.02495
2004/6/8,0.024883
2004/6/9,0.024826
2004/6/10,0.02477
2004/6/11,0.023993
2004/6/14,0.02345
2004/6/15,0.02324
2004/6/16,0.02322
2004/6/17,0.02338
2004/6/18,0.024
2004/6/21,0.024242
2004/6/22,0.02431
2004/6/23,0.02436
2004/6/24,0.0245
2004/6/25,0.024505
2004/6/28,0.02432
2004/6/29,0.02445
2004/6/30,0.024435
2004/7/1,0.02444
2004/7/2,0.0241
2004/7/5,0.02394
2004/7/6,0.02378
2004/7/7,0.023715
2004/7/8,0.023502
2004/7/9,0.023128
2004/7/12,0.02292
2004/7/13,0.0228
2004/7/14,0.022653
2004/7/15,0.022582
2004/7/16,0.022332
2004/7/19,0.021987
2004/7/20,0.02206
2004/7/21,0.022094
2004/7/22,0.02397
2004/7/23,0.02422
2004/7/26,0.024333
2004/7/27,0.02418
2004/7/28,0.0243
2004/7/29,0.02414
2004/7/30,0.024135
2004/8/2,0.02402
2004/8/3,0.02403
2004/8/4,0.02397
2004/8/5,0.023923
2004/8/6,0.02305
2004/8/9,0.02295
2004/8/10,0.022934
2004/8/11,0.02285
2004/8/12,0.022897
2004/8/13,0.02245
2004/8/16,0.0226
2004/8/17,0.02261
2004/8/18,0.02259
2004/8/19,0.022592
2004/8/20,0.02239
2004/8/23,0.0224
2004/8/24,0.022503
2004/8/25,0.02249
2004/8/26,0.022459
2004/8/27,0.02227
2004/8/30,0.022186
2004/8/31,0.022038
2004/9/1,0.02188
2004/9/2,0.02172
2004/9/3,0.02145
2004/9/6,0.0214
2004/9/7,0.02137
2004/9/8,0.021351
2004/9/9,0.02116
2004/9/10,0.02113
2004/9/13,0.02106
2004/9/14,0.02102
2004/9/15,0.020991
2004/9/16,0.02094
2004/9/17,0.02095
2004/9/20,0.02091
2004/9/21,0.020867
2004/9/22,0.020809
2004/9/23,0.02088
2004/9/24,0.021363
2004/9/27,0.0219
2004/9/28,0.0233
2004/9/29,0.02297
2004/9/30,0.0222
2004/10/8,0.022178
2004/10/9,0.02215
2004/10/10,0.02208
2004/10/11,0.021975
2004/10/12,0.021863
2004/10/13,0.02174
2004/10/14,0.021659
2004/10/15,0.021588
2004/10/18,0.021321
2004/10/19,0.02134
2004/10/20,0.02094
2004/10/21,0.02099
2004/10/22,0.020943
2004/10/25,0.02085
2004/10/26,0.02078
2004/10/27,0.020734
2004/10/28,0.020653
2004/10/29,0.022194
2004/11/1,0.02243
2004/11/2,0.02242
2004/11/3,0.022388
2004/11/4,0.022436
2004/11/5,0.02177
2004/11/8,0.02153
2004/11/9,0.021687
2004/11/10,0.021566
2004/11/11,0.02142
2004/11/12,0.02139
2004/11/15,0.021224
2004/11/16,0.021007
2004/11/17,0.02073
2004/11/18,0.02058
2004/11/19,0.02
2004/11/22,0.019957
2004/11/23,0.01985
2004/11/24,0.019785
2004/11/25,0.01974
2004/11/26,0.019471
2004/11/29,0.019474
2004/11/30,0.019475
2004/12/1,0.019422
2004/12/2,0.01935
2004/12/3,0.019113
2004/12/6,0.01892
2004/12/7,0.018898
2004/12/8,0.018782
2004/12/9,0.01866
2004/12/10,0.018425
2004/12/13,0.018741
2004/12/14,0.01867
2004/12/15,0.01858
2004/12/16,0.018505
2004/12/17,0.0184
2004/12/20,0.018355
2004/12/21,0.018301
2004/12/22,0.01829
2004/12/23,0.018295
2004/12/24,0.01832
2004/12/27,0.01849
2004/12/28,0.019014
2004/12/29,0.01905
2004/12/30,0.0192
2004/12/31,0.019159
2005/1/4,0.019154
2005/1/5,0.01885
2005/1/6,0.018775
2005/1/7,0.018525
2005/1/10,0.018452
2005/1/11,0.018371
2005/1/12,0.018347
2005/1/13,0.018321
2005/1/14,0.018277
2005/1/17,0.018253
2005/1/18,0.018346
2005/1/19,0.018304
2005/1/20,0.01835
2005/1/21,0.01843
2005/1/24,0.018375
2005/1/25,0.01837
2005/1/26,0.018315
2005/1/27,0.01832
2005/1/28,0.01845
2005/1/31,0.01839
2005/2/1,0.018424
2005/2/2,0.01903
2005/2/3,0.01983
2005/2/4,0.0243
2005/2/5,0.0245
2005/2/6,0.0246
2005/2/7,0.024
2005/2/8,0.02
2005/2/16,0.01989
2005/2/17,0.019853
2005/2/18,0.01979
2005/2/21,0.01968
2005/2/22,0.01949
2005/2/23,0.01922
2005/2/24,0.01874
2005/2/25,0.01866
2005/2/28,0.018581
2005/3/1,0.01855
2005/3/2,0.018478
2005/3/3,0.018465
2005/3/4,0.01843
2005/3/7,0.01865
2005/3/8,0.018511
2005/3/9,0.01846
2005/3/10,0.018429
2005/3/11,0.01835
2005/3/14,0.01827
2005/3/15,0.01824
2005/3/16,0.01829
2005/3/17,0.018104
2005/3/18,0.01715
2005/3/21,0.01625
2005/3/22,0.01595
2005/3/23,0.01558
2005/3/24,0.01528
2005/3/25,0.0152
2005/3/28,0.015164
2005/3/29,0.01502
2005/3/30,0.01485
2005/3/31,0.0146
2005/4/1,0.01423
2005/4/4,0.01435
2005/4/5,0.01407
2005/4/6,0.013169
2005/4/7,0.01349
2005/4/8,0.01325
2005/4/11,0.01309
2005/4/12,0.0132
2005/4/13,0.01295
2005/4/14,0.01292
2005/4/15,0.012857
2005/4/18,0.01271
2005/4/19,0.01264
2005/4/20,0.01259
2005/4/21,0.012547
2005/4/22,0.01245
2005/4/25,0.01226
2005/4/26,0.01215
2005/4/27,0.0124
2005/4/28,0.0128
2005/4/29,0.01239
2005/4/30,0.01215
2005/5/8,0.011967
2005/5/9,0.01188
2005/5/10,0.011845
2005/5/11,0.011814
2005/5/12,0.011762
2005/5/13,0.0116
2005/5/16,0.011533
2005/5/17,0.01144
2005/5/18,0.011393
2005/5/19,0.011375
2005/5/20,0.01136
2005/5/23,0.011343
2005/5/24,0.011316
2005/5/25,0.011293
2005/5/26,0.01129
2005/5/27,0.011278
2005/5/30,0.01123
2005/5/31,0.011192
2005/6/1,0.011033
2005/6/2,0.01098
2005/6/3,0.010983
2005/6/6,0.010976
2005/6/7,0.01098
2005/6/8,0.010978
2005/6/9,0.010965
2005/6/10,0.010956
2005/6/13,0.01093
2005/6/15,0.010935
2005/6/16,0.010925
2005/6/17,0.010888
2005/6/20,0.01094
2005/6/21,0.010916
2005/6/22,0.01088
2005/6/23,0.010873
2005/6/24,0.010916
2005/6/27,0.010896
2005/6/28,0.010931
2005/6/29,0.011029
2005/6/30,0.011118
2005/7/1,0.011313
2005/7/4,0.01144
2005/7/5,0.0115
2005/7/6,0.01152
2005/7/7,0.01154
2005/7/8,0.01156
2005/7/11,0.0116
2005/7/12,0.01159
2005/7/13,0.011725
2005/7/14,0.011733
2005/7/15,0.01192
2005/7/18,0.011911
2005/7/19,0.01223
2005/7/20,0.01216
2005/7/21,0.012178
2005/7/22,0.012575
2005/7/25,0.012562
2005/7/26,0.01254
2005/7/27,0.01252
2005/7/28,0.012477
2005/7/29,0.0123
2005/8/1,0.012307
2005/8/2,0.012293
2005/8/3,0.0123
2005/8/4,0.012273
2005/8/5,0.01252
2005/8/8,0.012569
2005/8/9,0.01249
2005/8/10,0.01248
2005/8/11,0.012436
2005/8/12,0.01249
2005/8/16,0.01245
2005/8/17,0.012454
2005/8/18,0.012375
2005/8/19,0.01241
2005/8/22,0.012352
2005/8/23,0.01229
2005/8/24,0.012283
2005/8/25,0.012205
2005/8/26,0.01232
2005/8/29,0.01235
2005/8/30,0.0122
2005/8/31,0.012155
2005/9/1,0.012135
2005/9/2,0.012108
2005/9/5,0.01226
2005/9/6,0.01217
2005/9/7,0.01223
2005/9/8,0.01218
2005/9/9,0.01215
2005/9/12,0.0123
2005/9/13,0.012172
2005/9/14,0.012081
2005/9/15,0.01205
2005/9/16,0.0121
2005/9/19,0.012012
2005/9/20,0.011927
2005/9/21,0.011842
2005/9/22,0.01194
2005/9/23,0.01184
2005/9/26,0.011752
2005/9/27,0.01175
2005/9/28,0.0116
2005/9/29,0.01155
2005/9/30,0.01145
2005/10/8,0.01148
2005/10/9,0.0114
2005/10/10,0.0113
2005/10/11,0.01127
2005/10/12,0.01117
2005/10/14,0.01123
2005/10/17,0.011205
2005/10/18,0.011188
2005/10/19,0.01117
2005/10/20,0.011154
2005/10/21,0.011123
2005/10/24,0.01121
2005/10/25,0.011175
2005/10/26,0.0112
2005/10/27,0.011211
2005/10/28,0.011226
2005/10/31,0.011161
2005/11/1,0.011105
2005/11/2,0.011095
2005/11/3,0.011084
2005/11/4,0.01107
2005/11/8,0.011042
2005/11/9,0.011021
2005/11/10,0.011082
2005/11/11,0.011185
2005/11/15,0.011182
2005/11/16,0.011185
2005/11/17,0.01118
2005/11/18,0.01168
2005/11/21,0.011991
2005/11/22,0.01246
2005/11/23,0.01276
2005/11/24,0.012792
2005/11/25,0.013145
2005/11/28,0.0134
2005/11/29,0.01373
2005/11/30,0.014374
2005/12/1,0.015245
2005/12/2,0.015466
2005/12/5,0.01634
2005/12/6,0.016391
2005/12/7,0.016324
2005/12/8,0.01632
2005/12/9,0.016278
2005/12/12,0.01618
2005/12/13,0.01603
2005/12/14,0.01599
2005/12/15,0.01575
2005/12/16,0.015581
2005/12/19,0.015555
2005/12/20,0.01548
2005/12/21,0.015464
2005/12/22,0.01535
2005/12/23,0.015132
2005/12/26,0.0153
2005/12/27,0.015392
2005/12/28,0.01518
2005/12/29,0.01524
2005/12/30,0.0151
2005/12/31,0.01506
2006/1/4,0.01502
2006/1/5,0.01498
2006/1/6,0.01489
2006/1/9,0.01481
2006/1/10,0.01476
2006/1/11,0.01468
2006/1/12,0.014671
2006/1/13,0.014586
2006/1/16,0.01457
2006/1/17,0.014501
2006/1/18,0.01442
2006/1/19,0.0146
2006/1/20,0.014874
2006/1/23,0.0153
2006/1/24,0.0187
2006/1/25,0.03
2006/1/26,0.025
2006/1/27,0.0201
2006/2/5,0.0157
2006/2/6,0.01509
2006/2/7,0.014922
2006/2/8,0.01487
2006/2/9,0.01465
2006/2/10,0.01448
2006/2/13,0.01412
2006/2/14,0.01409
2006/2/15,0.0138
2006/2/16,0.013548
2006/2/17,0.01342
2006/2/20,0.01327
2006/2/21,0.0131
2006/2/22,0.01308
2006/2/23,0.01319
2006/2/24,0.0131
2006/2/27,0.013473
2006/2/28,0.0138
2006/3/1,0.0139
2006/3/2,0.01398
2006/3/3,0.0141
2006/3/6,0.01413
2006/3/7,0.014475
2006/3/8,0.01441
2006/3/10,0.014315
2006/3/13,0.014155
2006/3/14,0.01405
2006/3/15,0.014115
2006/3/16,0.01433
2006/3/17,0.014197
2006/3/20,0.014147
2006/3/21,0.01423
2006/3/22,0.01493
2006/3/23,0.01622
2006/3/24,0.01628
2006/3/27,0.01635
2006/3/28,0.016296
2006/3/29,0.016245
2006/3/30,0.016237
2006/3/31,0.016205
2006/4/3,0.01615
2006/4/4,0.016042
2006/4/5,0.01606
2006/4/6,0.015926
2006/4/7,0.015715
2006/4/10,0.01557
2006/4/11,0.01533
2006/4/12,0.015127
2006/4/13,0.015087
2006/4/14,0.01536
2006/4/17,0.01595
2006/4/18,0.0165
2006/4/19,0.0167
2006/4/20,0.0172
2006/4/21,0.01725
2006/4/24,0.0176
2006/4/25,0.01804
2006/4/26,0.01855
2006/4/27,0.0196
2006/4/28,0.0221
2006/4/29,0.0206
2006/4/30,0.0182
2006/5/8,0.01792
2006/5/9,0.0179
2006/5/10,0.01773
2006/5/11,0.01774
2006/5/12,0.017559
2006/5/15,0.01724
2006/5/16,0.01714
2006/5/17,0.01639
2006/5/18,0.01695
2006/5/19,0.0167
2006/5/22,0.016477
2006/5/23,0.01628
2006/5/24,0.016411
2006/5/25,0.016419
2006/5/26,0.01624
2006/5/29,0.016169
2006/5/30,0.01615
2006/5/31,0.01663
2006/6/1,0.0173
2006/6/5,0.0174
2006/6/6,0.01758
2006/6/7,0.01795
2006/6/8,0.018139
2006/6/9,0.01816
2006/6/12,0.01836
2006/6/13,0.018766
2006/6/14,0.019823
2006/6/15,0.0205
2006/6/16,0.02049
2006/6/19,0.0228
2006/6/20,0.02185
2006/6/21,0.0214
2006/6/22,0.02117
2006/6/23,0.02092
2006/6/26,0.020782
2006/6/27,0.0207
2006/6/28,0.020505
2006/6/29,0.02095
2006/6/30,0.02096
2006/7/3,0.02097
2006/7/4,0.02088
2006/7/5,0.020755
2006/7/6,0.020608
2006/7/7,0.02038
2006/7/10,0.020187
2006/7/11,0.02
2006/7/12,0.0198
2006/7/13,0.019439
2006/7/14,0.01996
2006/7/17,0.0209
2006/7/18,0.02193
2006/7/19,0.023427
2006/7/20,0.025
2006/7/21,0.0265
2006/7/24,0.026702
2006/7/25,0.026738
2006/7/26,0.026948
2006/7/27,0.02694
2006/7/28,0.02695
2006/7/31,0.026794
2006/8/1,0.02666
2006/8/2,0.02667
2006/8/3,0.026655
2006/8/4,0.0262
2006/8/7,0.02623
2006/8/8,0.02606
2006/8/9,0.02596
2006/8/10,0.02585
2006/8/11,0.025332
2006/8/14,0.025153
2006/8/15,0.024694
2006/8/16,0.02456
2006/8/17,0.024493
2006/8/18,0.024145
2006/8/21,0.02492
2006/8/22,0.0243
2006/8/23,0.023952
2006/8/24,0.02325
2006/8/25,0.02225
2006/8/28,0.0216
2006/8/29,0.02137
2006/8/30,0.02173
2006/8/31,0.022125
2006/9/1,0.02232
2006/9/4,0.022279
2006/9/5,0.02217
2006/9/6,0.021813
2006/9/7,0.02133
2006/9/8,0.02123
2006/9/11,0.02094
2006/9/12,0.020779
2006/9/13,0.020923
2006/9/14,0.020951
2006/9/15,0.020848
2006/9/18,0.02048
2006/9/19,0.020363
2006/9/20,0.02009
2006/9/21,0.020375
2006/9/22,0.02191
2006/9/25,0.02273
2006/9/26,0.0231
2006/9/27,0.023
2006/9/28,0.0245
2006/9/29,0.024
2006/9/30,0.02306
2006/10/8,0.02245
2006/10/9,0.02268
2006/10/10,0.02256
2006/10/11,0.02248
2006/10/12,0.022458
2006/10/13,0.022505
2006/10/16,0.02295
2006/10/17,0.02395
2006/10/18,0.0246
2006/10/19,0.02498
2006/10/20,0.0248
2006/10/23,0.024576
2006/10/24,0.02467
2006/10/25,0.023736
2006/10/26,0.023165
2006/10/27,0.02305
2006/10/30,0.02373
2006/10/31,0.024498
2006/11/1,0.0247
2006/11/2,0.024843
2006/11/3,0.02417
2006/11/6,0.0253
2006/11/7,0.026868
2006/11/8,0.028446
2006/11/9,0.0296
2006/11/10,0.0318
2006/11/13,0.032
2006/11/14,0.03633
2006/11/15,0.036841
2006/11/16,0.035
2006/11/17,0.037727
2006/11/20,0.03936
2006/11/21,0.03983
2006/11/22,0.03686
2006/11/23,0.037
2006/11/24,0.0389
2006/11/27,0.03155
2006/11/28,0.03068
2006/11/29,0.024729
2006/11/30,0.024266
2006/12/1,0.02388
2006/12/4,0.023518
2006/12/5,0.023142
2006/12/6,0.02294
2006/12/7,0.022577
2006/12/8,0.02258
2006/12/11,0.022374
2006/12/12,0.02216
2006/12/13,0.0222
2006/12/14,0.02068
2006/12/15,0.02051
2006/12/18,0.02018
2006/12/20,0.019836
2006/12/21,0.01888
2006/12/22,0.02049
2006/12/25,0.02285
2006/12/27,0.02279
2006/12/28,0.02072
2006/12/29,0.0196
2006/12/30,0.01915
2006/12/31,0.0162
2007/1/4,0.015134
2007/1/5,0.014942
2007/1/8,0.014498
2007/1/9,0.01433
2007/1/10,0.01417
2007/1/11,0.014114
2007/1/12,0.01398
2007/1/15,0.013758
2007/1/16,0.013633
2007/1/17,0.014855
2007/1/18,0.0149
2007/1/19,0.01542
2007/1/22,0.0175
2007/1/23,0.01956
2007/1/24,0.01993
2007/1/25,0.02008
2007/1/26,0.0206
2007/1/29,0.020944
2007/1/30,0.02095
2007/1/31,0.02088
2007/2/1,0.020717
2007/2/2,0.019982
2007/2/5,0.020604
2007/2/6,0.021559
2007/2/7,0.0251
2007/2/8,0.034834
2007/2/9,0.041
2007/2/12,0.0443
2007/2/13,0.0335
2007/2/14,0.04
2007/2/15,0.022
2007/2/16,0.021
2007/2/17,0.015
2007/2/25,0.0288
2007/2/26,0.0266
2007/2/27,0.02538
2007/2/28,0.0204
2007/3/1,0.01769
2007/3/2,0.017
2007/3/5,0.01665
2007/3/6,0.016154
2007/3/7,0.0155
2007/3/8,0.0153
2007/3/9,0.014879
2007/3/12,0.014728
2007/3/13,0.014542
2007/3/14,0.01437
2007/3/15,0.014366
2007/3/16,0.015074
2007/3/19,0.01654
2007/3/20,0.016965
2007/3/21,0.0175
2007/3/22,0.017996
2007/3/23,0.01858
2007/3/26,0.01937
2007/3/27,0.01953
2007/3/28,0.019567
2007/3/29,0.019719
2007/3/30,0.019621
2007/4/2,0.019345
2007/4/3,0.01943
2007/4/4,0.019527
2007/4/5,0.01983
2007/4/6,0.02162
2007/4/9,0.022914
2007/4/10,0.023625
2007/4/11,0.023618
2007/4/12,0.023855
2007/4/13,0.02474
2007/4/16,0.029035
2007/4/17,0.02932
2007/4/18,0.0328
2007/4/19,0.0397
2007/4/20,0.042
2007/4/23,0.0444
2007/4/24,0.0469
2007/4/25,0.0476
2007/4/26,0.0434
2007/4/27,0.0345
2007/4/28,0.025
2007/4/29,0.0207
2007/4/30,0.0187
2007/5/8,0.01793
2007/5/9,0.01788
2007/5/10,0.018636
2007/5/11,0.03022
2007/5/14,0.0319
2007/5/15,0.030504
2007/5/16,0.02997
2007/5/17,0.0289
2007/5/18,0.0255
2007/5/21,0.02508
2007/5/22,0.02475
2007/5/23,0.024013
2007/5/24,0.0238
2007/5/25,0.023556
2007/5/28,0.02344
2007/5/29,0.02317
2007/5/30,0.023237
2007/5/31,0.02468
2007/6/1,0.02823
2007/6/4,0.028584
2007/6/5,0.0282
2007/6/6,0.027871
2007/6/7,0.0248
2007/6/8,0.0234
2007/6/11,0.02293
2007/6/12,0.02272
2007/6/13,0.02268
2007/6/14,0.03212
2007/6/15,0.0423
2007/6/18,0.0431
2007/6/19,0.04016
2007/6/20,0.02996
2007/6/21,0.023067
2007/6/22,0.022038
2007/6/25,0.020221
2007/6/26,0.01957
2007/6/27,0.01847
2007/6/28,0.0178
2007/6/29,0.028476
2007/7/2,0.0355
2007/7/3,0.039603
2007/7/4,0.024096
2007/7/5,0.0238
2007/7/6,0.02352
2007/7/9,0.0259
2007/7/10,0.0371
2007/7/11,0.03888
2007/7/12,0.0325
2007/7/13,0.0318
2007/7/16,0.02872
2007/7/17,0.02795
2007/7/18,0.022294
2007/7/19,0.0218
2007/7/20,0.02115
2007/7/23,0.0214
2007/7/24,0.021509
2007/7/25,0.021494
2007/7/26,0.021216
2007/7/27,0.02124
2007/7/30,0.021
2007/7/31,0.02696
2007/8/1,0.02719
2007/8/2,0.02193
2007/8/3,0.0203
2007/8/6,0.02006
2007/8/7,0.02066
2007/8/8,0.021457
2007/8/9,0.02159
2007/8/10,0.02278
2007/8/13,0.021786
2007/8/14,0.021279
2007/8/15,0.020837
2007/8/16,0.01974
2007/8/17,0.019827
2007/8/20,0.0198
2007/8/21,0.01967
2007/8/22,0.021988
2007/8/23,0.0238
2007/8/24,0.02443
2007/8/27,0.02368
2007/8/28,0.02434
2007/8/29,0.02405
2007/8/30,0.0267
2007/8/31,0.02486
2007/9/3,0.024769
2007/9/4,0.021835
2007/9/5,0.023597
2007/9/6,0.0241
2007/9/7,0.0278
2007/9/10,0.0359
2007/9/11,0.0383
2007/9/12,0.0385
2007/9/13,0.0405
2007/9/14,0.0567
2007/9/17,0.05941
2007/9/18,0.059523
2007/9/19,0.064589
2007/9/20,0.0667
2007/9/21,0.06951
2007/9/24,0.0694
2007/9/25,0.0703
2007/9/26,0.0484
2007/9/27,0.033
2007/9/28,0.0201
2007/9/29,0.0192
2007/9/30,0.01988
2007/10/8,0.019993
2007/10/9,0.020373
2007/10/10,0.020714
2007/10/11,0.0209
2007/10/12,0.022337
2007/10/15,0.0231
2007/10/16,0.023118
2007/10/17,0.0236
2007/10/18,0.023783
2007/10/19,0.02483
2007/10/22,0.0291
2007/10/23,0.0559
2007/10/24,0.0799
2007/10/25,0.087319
2007/10/26,0.100351
2007/10/29,0.02939
2007/10/30,0.0274
2007/10/31,0.029067
2007/11/1,0.029976
2007/11/2,0.03065
2007/11/5,0.030436
2007/11/6,0.030421
2007/11/7,0.030133
2007/11/8,0.026429
2007/11/9,0.0266
2007/11/12,0.02385
2007/11/13,0.02253
2007/11/14,0.021343
2007/11/15,0.0213
2007/11/16,0.020328
2007/11/19,0.03
2007/11/20,0.0396
2007/11/21,0.042379
2007/11/22,0.02258
2007/11/23,0.0278
2007/11/26,0.027657
2007/11/27,0.02715
2007/11/28,0.0208
2007/11/29,0.029
2007/11/30,0.0292
2007/12/3,0.0411
2007/12/4,0.0425
2007/12/5,0.041
2007/12/6,0.0403
2007/12/7,0.0258
2007/12/10,0.0249
2007/12/11,0.0408
2007/12/12,0.043
2007/12/13,0.04808
2007/12/14,0.035
2007/12/17,0.03205
2007/12/18,0.0288
2007/12/19,0.02416
2007/12/20,0.0235
2007/12/21,0.0213
2007/12/24,0.0208
2007/12/25,0.0202
2007/12/26,0.02375
2007/12/27,0.0228
2007/12/28,0.0247
2007/12/29,0.026
2008/1/2,0.02855
2008/1/3,0.029343
2008/1/4,0.0285
2008/1/7,0.02715
2008/1/8,0.0236
2008/1/9,0.024
2008/1/10,0.02418
2008/1/11,0.02025
2008/1/14,0.0201
2008/1/15,0.0215
2008/1/16,0.025425
2008/1/17,0.0273
2008/1/18,0.02641
2008/1/21,0.0268
2008/1/22,0.0438
2008/1/23,0.0475
2008/1/24,0.0516
2008/1/25,0.0357
2008/1/28,0.03003
2008/1/29,0.029919
2008/1/30,0.0321
2008/1/31,0.03201
2008/2/1,0.031
2008/2/2,0.029
2008/2/3,0.0291
2008/2/4,0.029
2008/2/5,0.0261
2008/2/13,0.02596
2008/2/14,0.02595
2008/2/15,0.0258
2008/2/18,0.0256
2008/2/19,0.02572
2008/2/20,0.0262
2008/2/21,0.0385
2008/2/22,0.0375
2008/2/25,0.0437
2008/2/26,0.0419
2008/2/27,0.028748
2008/2/28,0.028274
2008/2/29,0.028367
2008/3/3,0.028135
2008/3/4,0.0262
2008/3/5,0.025934
2008/3/6,0.02581
2008/3/7,0.02381
2008/3/10,0.023123
2008/3/11,0.025
2008/3/12,0.026694
2008/3/13,0.026
2008/3/14,0.02548
2008/3/17,0.025278
2008/3/18,0.02487
2008/3/19,0.024615
2008/3/20,0.0243
2008/3/21,0.02422
2008/3/24,0.02398
2008/3/25,0.023867
2008/3/26,0.024425
2008/3/27,0.02382
2008/3/28,0.0239
2008/3/31,0.02883
2008/4/1,0.031009
2008/4/2,0.03152
2008/4/3,0.027839
2008/4/7,0.031789
2008/4/8,0.0347
2008/4/9,0.03931
2008/4/10,0.034529
2008/4/11,0.0282
2008/4/14,0.0299
2008/4/15,0.0322
2008/4/16,0.03324
2008/4/17,0.03325
2008/4/18,0.0287
2008/4/21,0.02812
2008/4/22,0.027935
2008/4/23,0.02698
2008/4/24,0.02687
2008/4/25,0.0289
2008/4/28,0.028653
2008/4/29,0.02948
2008/4/30,0.0285
2008/5/4,0.02801
2008/5/5,0.029621
2008/5/6,0.02944
2008/5/7,0.030273
2008/5/8,0.03015
2008/5/9,0.02945
2008/5/12,0.0315
2008/5/13,0.033117
2008/5/14,0.03375
2008/5/15,0.03487
2008/5/16,0.0396
2008/5/19,0.039375
2008/5/20,0.03948
2008/5/21,0.0375
2008/5/22,0.0387
2008/5/23,0.0352
2008/5/26,0.03483
2008/5/27,0.034241
2008/5/28,0.03076
2008/5/29,0.032
2008/5/30,0.03133
2008/6/2,0.031377
2008/6/3,0.031337
2008/6/4,0.03277
2008/6/5,0.03312
2008/6/6,0.03334
2008/6/10,0.04995
2008/6/11,0.0412
2008/6/12,0.0356
2008/6/13,0.0334
2008/6/16,0.033495
2008/6/17,0.03229
2008/6/18,0.03192
2008/6/19,0.03381
2008/6/20,0.032436
2008/6/23,0.0307
2008/6/24,0.03105
2008/6/25,0.03165
2008/6/26,0.032997
2008/6/27,0.033
2008/6/30,0.032958
2008/7/1,0.030002
2008/7/2,0.031578
2008/7/3,0.02904
2008/7/4,0.029141
2008/7/7,0.03059
2008/7/8,0.03194
2008/7/9,0.031294
2008/7/10,0.02934
2008/7/11,0.027707
2008/7/14,0.03032
2008/7/15,0.030513
2008/7/16,0.029
2008/7/17,0.0304
2008/7/18,0.03162
2008/7/21,0.03068
2008/7/22,0.03025
2008/7/23,0.029734
2008/7/24,0.03074
2008/7/25,0.0308
2008/7/28,0.03168
2008/7/29,0.03417
2008/7/30,0.03416
2008/7/31,0.03767
2008/8/1,0.03787
2008/8/4,0.038691
2008/8/5,0.03957
2008/8/6,0.0377
2008/8/7,0.032412
2008/8/8,0.0317
2008/8/11,0.031475
2008/8/12,0.0312
2008/8/13,0.03154
2008/8/14,0.03238
2008/8/15,0.02792
2008/8/18,0.03275
2008/8/19,0.03128
2008/8/20,0.031051
2008/8/21,0.030221
2008/8/22,0.030813
2008/8/25,0.030015
2008/8/26,0.03036
2008/8/27,0.030248
2008/8/28,0.03215
2008/8/29,0.03062
2008/9/1,0.031
2008/9/2,0.0309
2008/9/3,0.03036
2008/9/4,0.03155
2008/9/5,0.030094
2008/9/8,0.0292
2008/9/9,0.03049
2008/9/10,0.030045
2008/9/11,0.0302
2008/9/12,0.030252
2008/9/16,0.02996
2008/9/17,0.030985
2008/9/18,0.032177
2008/9/19,0.0334
2008/9/22,0.0344
2008/9/23,0.0342
2008/9/24,0.0333
2008/9/25,0.0334
2008/9/26,0.0342
2008/9/27,0.0343
2008/9/28,0.0325
2008/10/6,0.035533
2008/10/7,0.037355
2008/10/8,0.0336
2008/10/9,0.033136
2008/10/10,0.0342
2008/10/13,0.03332
2008/10/14,0.03153
2008/10/15,0.032327
2008/10/16,0.03204
2008/10/17,0.0309
2008/10/20,0.030045
2008/10/21,0.03005
2008/10/22,0.02924
2008/10/23,0.0299
2008/10/24,0.029884
2008/10/27,0.029224
2008/10/28,0.028936
2008/10/29,0.029497
2008/10/30,0.0292
2008/10/31,0.028389
2008/11/3,0.02885
2008/11/4,0.02945
2008/11/5,0.028677
2008/11/6,0.0285
2008/11/7,0.027924
2008/11/10,0.02795
2008/11/11,0.02785
2008/11/12,0.02785
2008/11/13,0.02693
2008/11/14,0.027325
2008/11/17,0.026915
2008/11/18,0.026314
2008/11/19,0.02626
2008/11/20,0.025839
2008/11/21,0.025154
2008/11/24,0.02597
2008/11/25,0.02577
2008/11/26,0.025311
2008/11/27,0.019954
2008/11/28,0.021
2008/12/1,0.019841
2008/12/2,0.01975
2008/12/3,0.01985
2008/12/4,0.019826
2008/12/5,0.018625
2008/12/8,0.01853
2008/12/9,0.017674
2008/12/10,0.015997
2008/12/11,0.0147
2008/12/12,0.01557
2008/12/15,0.015326
2008/12/16,0.0153
2008/12/17,0.0145
2008/12/18,0.01405
2008/12/19,0.01415
2008/12/22,0.013844
2008/12/23,0.013815
2008/12/24,0.012268
2008/12/25,0.012252
2008/12/26,0.0123
2008/12/29,0.011683
2008/12/30,0.01065
2008/12/31,0.010054
2009/1/4,0.00988
2009/1/5,0.010086
2009/1/6,0.00991
2009/1/7,0.01015
2009/1/8,0.0099
2009/1/9,0.00946
2009/1/12,0.009367
2009/1/13,0.0093
2009/1/14,0.00925
2009/1/15,0.00904
2009/1/16,0.009186
2009/1/19,0.0091
2009/1/20,0.008746
2009/1/21,0.0094
2009/1/22,0.010271
2009/1/23,0.0103
2009/1/24,0.0088
2009/2/1,0.00916
2009/2/2,0.009118
2009/2/3,0.009412
2009/2/4,0.009461
2009/2/5,0.009435
2009/2/6,0.00937
2009/2/9,0.00944
2009/2/10,0.00944
2009/2/11,0.00935
2009/2/12,0.00939
2009/2/13,0.0097
2009/2/16,0.009663
2009/2/17,0.00965
2009/2/18,0.009655
2009/2/19,0.00957
2009/2/20,0.009936
2009/2/23,0.010164
2009/2/24,0.009612
2009/2/25,0.00955
2009/2/26,0.009463
2009/2/27,0.00955
2009/3/2,0.009544
2009/3/3,0.009567
2009/3/4,0.00955
2009/3/5,0.009461
2009/3/6,0.0094
2009/3/9,0.00975
2009/3/10,0.0095
2009/3/11,0.009626
2009/3/12,0.0094
2009/3/13,0.00948
2009/3/16,0.00985
2009/3/17,0.009472
2009/3/18,0.00911
2009/3/19,0.00978
2009/3/20,0.00987
2009/3/23,0.009753
2009/3/24,0.009429
2009/3/25,0.009377
2009/3/26,0.00935
2009/3/27,0.0097
2009/3/30,0.009467
2009/3/31,0.00942
2009/4/1,0.0096
2009/4/2,0.009559
2009/4/3,0.0095
2009/4/7,0.00957
2009/4/8,0.00955
2009/4/9,0.00955
2009/4/10,0.00945
2009/4/13,0.00914
2009/4/14,0.009209
2009/4/15,0.009234
2009/4/16,0.009247
2009/4/17,0.00925
2009/4/20,0.009128
2009/4/21,0.009172
2009/4/22,0.00955
2009/4/23,0.00967
2009/4/24,0.0098
2009/4/27,0.0096
2009/4/28,0.00947
2009/4/29,0.009467
2009/4/30,0.009481
2009/5/4,0.009494
2009/5/5,0.009379
2009/5/6,0.009326
2009/5/7,0.009395
2009/5/8,0.009268
2009/5/11,0.00935
2009/5/12,0.009563
2009/5/13,0.009556
2009/5/14,0.00947
2009/5/15,0.0096
2009/5/18,0.009561
2009/5/19,0.009681
2009/5/20,0.0097
2009/5/21,0.0097
2009/5/22,0.0098
2009/5/25,0.009645
2009/5/26,0.00961
2009/5/27,0.0096
2009/6/1,0.0094
2009/6/2,0.00945
2009/6/3,0.009518
2009/6/4,0.009461
2009/6/5,0.009487
2009/6/8,0.009452
2009/6/9,0.00956
2009/6/10,0.009421
2009/6/11,0.009408
2009/6/12,0.00946
2009/6/15,0.009435
2009/6/16,0.009463
2009/6/17,0.00944
2009/6/18,0.00955
2009/6/19,0.0099
2009/6/22,0.01092
2009/6/23,0.01113
2009/6/24,0.011938
2009/6/25,0.011312
2009/6/26,0.01174
2009/6/29,0.01196
2009/6/30,0.012227
2009/7/1,0.011654
2009/7/2,0.01327
2009/7/3,0.012575
2009/7/6,0.012345
2009/7/7,0.012265
2009/7/8,0.01223
2009/7/9,0.01234
2009/7/10,0.01227
2009/7/13,0.012637
2009/7/14,0.0138
2009/7/15,0.01445
2009/7/16,0.01523
2009/7/17,0.015288
2009/7/20,0.016985
2009/7/21,0.0208
2009/7/22,0.0205
2009/7/23,0.02
2009/7/24,0.0172
2009/7/27,0.016055
2009/7/28,0.0157
2009/7/29,0.0151
2009/7/30,0.01655
2009/7/31,0.019361
2009/8/3,0.02143
2009/8/4,0.014985
2009/8/5,0.0181
2009/8/6,0.01626
2009/8/7,0.016042
2009/8/10,0.0163
2009/8/11,0.015575
2009/8/12,0.014815
2009/8/13,0.014495
2009/8/14,0.014162
2009/8/17,0.013933
2009/8/18,0.012953
2009/8/19,0.01275
2009/8/20,0.01269
2009/8/21,0.012594
2009/8/24,0.012827
2009/8/25,0.01357
2009/8/26,0.01381
2009/8/27,0.0137
2009/8/28,0.013974
2009/8/31,0.014763
2009/9/1,0.0133
2009/9/2,0.0157
2009/9/3,0.0169
2009/9/4,0.017559
2009/9/7,0.017279
2009/9/8,0.0171
2009/9/9,0.016575
2009/9/10,0.01545
2009/9/11,0.014
2009/9/14,0.0146
2009/9/15,0.0146
2009/9/16,0.014485
2009/9/17,0.014679
2009/9/18,0.01516
2009/9/21,0.01625
2009/9/22,0.015967
2009/9/23,0.0157
2009/9/24,0.0175
2009/9/25,0.0163
2009/9/27,0.0163
2009/9/28,0.01574
2009/9/29,0.016684
2009/9/30,0.0186
2009/10/9,0.01698
2009/10/10,0.0166
2009/10/12,0.015924
2009/10/13,0.01583
2009/10/14,0.015514
2009/10/15,0.015272
2009/10/16,0.01528
2009/10/19,0.015415
2009/10/20,0.01518
2009/10/21,0.0154
2009/10/22,0.01522
2009/10/23,0.0145
2009/10/26,0.014792
2009/10/27,0.0142
2009/10/28,0.014762
2009/10/29,0.014678
2009/10/30,0.0136
2009/11/2,0.0134
2009/11/3,0.01478
2009/11/4,0.0141
2009/11/5,0.01449
2009/11/6,0.014408
2009/11/9,0.014664
2009/11/10,0.014904
2009/11/11,0.0146
2009/11/12,0.01475
2009/11/13,0.01479
2009/11/16,0.013548
2009/11/17,0.014288
2009/11/18,0.01405
2009/11/19,0.0138
2009/11/20,0.014483
2009/11/23,0.0147
2009/11/24,0.014
2009/11/25,0.014255
2009/11/26,0.0143
2009/11/27,0.014676
2009/11/30,0.01474
2009/12/1,0.014591
2009/12/2,0.01475
2009/12/3,0.01491
2009/12/4,0.015024
2009/12/7,0.015
2009/12/8,0.01463
2009/12/9,0.01485
2009/12/10,0.014648
2009/12/11,0.0149
2009/12/14,0.014807
2009/12/15,0.014536
2009/12/16,0.014561
2009/12/17,0.0145
2009/12/18,0.014606
2009/12/21,0.014439
2009/12/22,0.0145
2009/12/23,0.014043
2009/12/24,0.013926
2009/12/25,0.014311
2009/12/28,0.0155
2009/12/29,0.01595
2009/12/30,0.015866
2009/12/31,0.01568
2010/1/4,0.0144
2010/1/5,0.014
2010/1/6,0.014047
2010/1/7,0.013936
2010/1/8,0.0139
2010/1/11,0.013726
2010/1/12,0.0146
2010/1/13,0.01385
2010/1/14,0.01467
2010/1/15,0.0143
2010/1/18,0.013935
2010/1/19,0.01366
2010/1/20,0.014683
2010/1/21,0.0143
2010/1/22,0.01485
2010/1/25,0.013344
2010/1/26,0.015406
2010/1/27,0.0155
2010/1/28,0.018733
2010/1/29,0.018913
2010/2/1,0.018377
2010/2/2,0.018
2010/2/3,0.0175
2010/2/4,0.018
2010/2/5,0.0173
2010/2/8,0.0183
2010/2/9,0.01905
2010/2/10,0.019
2010/2/11,0.025
2010/2/12,0.0261
2010/2/20,0.0209
2010/2/21,0.015009
2010/2/22,0.0148
2010/2/23,0.01602
2010/2/24,0.0165
2010/2/25,0.01692
2010/2/26,0.0167
2010/3/1,0.0166
2010/3/2,0.017422
2010/3/3,0.0175
2010/3/4,0.0169
2010/3/5,0.01695
2010/3/8,0.01645
2010/3/9,0.0165
2010/3/10,0.0172
2010/3/11,0.01699
2010/3/12,0.0167
2010/3/15,0.01656
2010/3/16,0.01635
2010/3/17,0.01655
2010/3/18,0.0164
2010/3/19,0.0163
2010/3/22,0.01605
2010/3/23,0.015885
2010/3/24,0.015697
2010/3/25,0.01575
2010/3/26,0.015604
2010/3/29,0.01548
2010/3/30,0.0164
2010/3/31,0.0161
2010/4/1,0.01568
2010/4/2,0.01588
2010/4/6,0.0161
2010/4/7,0.017
2010/4/8,0.01697
2010/4/9,0.016935
2010/4/12,0.01656
2010/4/13,0.0169
2010/4/14,0.01655
2010/4/15,0.0168
2010/4/16,0.01675
2010/4/19,0.016071
2010/4/20,0.01648
2010/4/21,0.0169
2010/4/22,0.01645
2010/4/23,0.017
2010/4/26,0.01653
2010/4/27,0.016482
2010/4/28,0.016155
2010/4/29,0.016021
2010/4/30,0.016
2010/5/4,0.01611
2010/5/5,0.01655
2010/5/6,0.0169
2010/5/7,0.017108
2010/5/10,0.01698
2010/5/11,0.01716
2010/5/12,0.01725
2010/5/13,0.01743
2010/5/14,0.01754
2010/5/17,0.01748
2010/5/18,0.0175
2010/5/19,0.017822
2010/5/20,0.018
2010/5/21,0.018079
2010/5/24,0.0186
2010/5/25,0.0194
2010/5/26,0.0216
2010/5/27,0.02395
2010/5/28,0.026
2010/5/31,0.0251
2010/6/1,0.031964
2010/6/2,0.03276
2010/6/3,0.0295
2010/6/4,0.0222
2010/6/7,0.01925
2010/6/8,0.021875
2010/6/9,0.022078
2010/6/10,0.024668
2010/6/11,0.027333
2010/6/12,0.0277
2010/6/13,0.0265
2010/6/17,0.02606
2010/6/18,0.026832
2010/6/21,0.0264
2010/6/22,0.02835
2010/6/23,0.0272
2010/6/24,0.0287
2010/6/25,0.031551
2010/6/28,0.0283
2010/6/29,0.028794
2010/6/30,0.0262
2010/7/1,0.02692
2010/7/2,0.026137
2010/7/5,0.025817
2010/7/6,0.026927
2010/7/7,0.024577
2010/7/8,0.0242
2010/7/9,0.023191
2010/7/12,0.0207
2010/7/13,0.01989
2010/7/14,0.01801
2010/7/15,0.018673
2010/7/16,0.01866
2010/7/19,0.0186
2010/7/20,0.018302
2010/7/21,0.01846
2010/7/22,0.01716
2010/7/23,0.0177
2010/7/26,0.017302
2010/7/27,0.01745
2010/7/28,0.0169
2010/7/29,0.0168
2010/7/30,0.016833
2010/8/2,0.01643
2010/8/3,0.01685
2010/8/4,0.01642
2010/8/5,0.01695
2010/8/6,0.01705
2010/8/9,0.016957
2010/8/10,0.017394
2010/8/11,0.017079
2010/8/12,0.01733
2010/8/13,0.01748
2010/8/16,0.017774
2010/8/17,0.018
2010/8/18,0.0178
2010/8/19,0.01745
2010/8/20,0.017446
2010/8/23,0.0174
2010/8/24,0.0175
2010/8/25,0.017687
2010/8/26,0.0183
2010/8/27,0.0222
2010/8/30,0.0225
2010/8/31,0.0292
2010/9/1,0.0297
2010/9/2,0.025
2010/9/3,0.0234
2010/9/6,0.022486
2010/9/7,0.0226
2010/9/8,0.02235
2010/9/9,0.0227
2010/9/10,0.022926
2010/9/13,0.024036
2010/9/14,0.02386
2010/9/15,0.022335
2010/9/16,0.02535
2010/9/17,0.0204
2010/9/19,0.02
2010/9/20,0.022445
2010/9/21,0.0231
2010/9/25,0.0226
2010/9/26,0.0288
2010/9/27,0.0243
2010/9/28,0.0246
2010/9/29,0.0272
2010/9/30,0.028558
2010/10/8,0.02696
2010/10/9,0.0191
2010/10/11,0.019579
2010/10/12,0.01908
2010/10/13,0.019437
2010/10/14,0.0195
2010/10/15,0.019397
2010/10/18,0.01958
2010/10/19,0.019335
2010/10/20,0.01969
2010/10/21,0.0193
2010/10/22,0.01942
2010/10/25,0.019511
2010/10/26,0.0195
2010/10/27,0.020362
2010/10/28,0.020376
2010/10/29,0.020317
2010/11/1,0.02002
2010/11/2,0.01825
2010/11/3,0.018263
2010/11/4,0.018329
2010/11/5,0.01609
2010/11/8,0.016303
2010/11/9,0.016453
2010/11/10,0.016407
2010/11/11,0.01678
2010/11/12,0.016895
2010/11/15,0.01788
2010/11/16,0.017385
2010/11/17,0.0193
2010/11/18,0.019857
2010/11/19,0.0206
2010/11/22,0.0215
2010/11/23,0.02222
2010/11/24,0.0233
2010/11/25,0.024826
2010/11/26,0.0273
2010/11/29,0.026767
2010/11/30,0.0331
2010/12/1,0.033548
2010/12/2,0.033499
2010/12/3,0.033342
2010/12/6,0.03092
2010/12/7,0.0208
2010/12/8,0.0251
2010/12/9,0.024935
2010/12/10,0.024911
2010/12/13,0.025748
2010/12/14,0.032928
2010/12/15,0.0358
2010/12/16,0.0327
2010/12/17,0.0372
2010/12/20,0.0354
2010/12/21,0.04075
2010/12/22,0.0417
2010/12/23,0.05672
2010/12/24,0.056
2010/12/27,0.052739
2010/12/28,0.0579
2010/12/29,0.0607
2010/12/30,0.0627
2010/12/31,0.0634
2011/1/4,0.0431
2011/1/5,0.0326
2011/1/6,0.0314
2011/1/7,0.0282
2011/1/10,0.02378
2011/1/11,0.024588
2011/1/12,0.0249
2011/1/13,0.023458
2011/1/14,0.025617
2011/1/17,0.0258
2011/1/18,0.0274
2011/1/19,0.0405
2011/1/20,0.0603
2011/1/21,0.073
2011/1/24,0.048
2011/1/25,0.0765
2011/1/26,0.0782
2011/1/27,0.083484
2011/1/28,0.0814
2011/1/30,0.085
2011/1/31,0.0818
2011/2/1,0.033
2011/2/9,0.0407
2011/2/10,0.0398
2011/2/11,0.0395
2011/2/12,0.026483
2011/2/14,0.02715
2011/2/15,0.0264
2011/2/16,0.025894
2011/2/17,0.029255
2011/2/18,0.0281
2011/2/21,0.06085
2011/2/22,0.0626
2011/2/23,0.0624
2011/2/24,0.034
2011/2/25,0.0311
2011/2/28,0.0303
2011/3/1,0.0301
2011/3/2,0.03013
2011/3/3,0.024455
2011/3/4,0.02217
2011/3/7,0.0218
2011/3/8,0.022174
2011/3/9,0.0216
2011/3/10,0.0225
2011/3/11,0.02059
2011/3/14,0.02052
2011/3/15,0.01997
2011/3/16,0.02
2011/3/17,0.02
2011/3/18,0.02016
2011/3/21,0.029696
2011/3/22,0.02845
2011/3/23,0.0273
2011/3/24,0.0274
2011/3/25,0.0224
2011/3/28,0.0229
2011/3/29,0.021062
2011/3/30,0.02635
2011/3/31,0.0285
2011/4/1,0.02785
2011/4/2,0.0231
2011/4/6,0.023965
2011/4/7,0.0198
2011/4/8,0.02483
2011/4/11,0.020065
2011/4/12,0.0195
2011/4/13,0.0197
2011/4/14,0.0239
2011/4/15,0.02355
2011/4/18,0.02697
2011/4/19,0.029574
2011/4/20,0.029986
2011/4/21,0.039016
2011/4/22,0.0339
2011/4/25,0.0387
2011/4/26,0.04427
2011/4/27,0.03756
2011/4/28,0.03052
2011/4/29,0.0291
2011/5/3,0.0295
2011/5/4,0.0303
2011/5/5,0.02969
2011/5/6,0.02781
2011/5/9,0.027548
2011/5/10,0.0279
2011/5/11,0.02797
2011/5/12,0.027828
2011/5/13,0.0352
2011/5/16,0.0464
2011/5/17,0.0465
2011/5/18,0.0328
2011/5/19,0.0341
2011/5/20,0.038806
2011/5/23,0.0471
2011/5/24,0.0469
2011/5/25,0.05264
2011/5/26,0.0506
2011/5/27,0.044
2011/5/30,0.032
2011/5/31,0.0385
2011/6/1,0.039212
2011/6/2,0.0351
2011/6/3,0.0352
2011/6/7,0.0323
2011/6/8,0.037
2011/6/9,0.0409
2011/6/10,0.0462
2011/6/13,0.046
2011/6/14,0.0418
2011/6/15,0.0619
2011/6/16,0.0663
2011/6/17,0.067035
2011/6/20,0.075
2011/6/21,0.0832
2011/6/22,0.0885
2011/6/23,0.0911
2011/6/24,0.086
2011/6/27,0.0728
2011/6/28,0.06391
2011/6/29,0.06335
2011/6/30,0.0661
2011/7/1,0.0594
2011/7/4,0.0479
2011/7/5,0.0678
2011/7/6,0.0744
2011/7/7,0.0562
2011/7/8,0.0628
2011/7/11,0.0537
2011/7/12,0.0488
2011/7/13,0.0369
2011/7/14,0.0475
2011/7/15,0.041
2011/7/18,0.0452
2011/7/19,0.0453
2011/7/20,0.053
2011/7/21,0.0572
2011/7/22,0.052
2011/7/25,0.05231
2011/7/26,0.0499
2011/7/27,0.0502
2011/7/28,0.0508
2011/7/29,0.0515
2011/8/1,0.0503
2011/8/2,0.049
2011/8/3,0.0411
2011/8/4,0.0326
2011/8/5,0.03
2011/8/8,0.0301
2011/8/9,0.0309
2011/8/10,0.0313
2011/8/11,0.031029
2011/8/12,0.0309
2011/8/15,0.032425
2011/8/16,0.0324
2011/8/17,0.0322
2011/8/18,0.0372
2011/8/19,0.0417
2011/8/22,0.05
2011/8/23,0.0521
2011/8/24,0.0445
2011/8/25,0.04485
2011/8/26,0.0408
2011/8/29,0.0439
2011/8/30,0.05
2011/8/31,0.049503
2011/9/1,0.0477
2011/9/2,0.04201
2011/9/5,0.048654
2011/9/6,0.044833
2011/9/7,0.0434
2011/9/8,0.040208
2011/9/9,0.0363
2011/9/13,0.032838
2011/9/14,0.032928
2011/9/15,0.033522
2011/9/16,0.033239
2011/9/19,0.0355
2011/9/20,0.0399
2011/9/21,0.0407
2011/9/22,0.0392
2011/9/23,0.0417
2011/9/26,0.0358
2011/9/27,0.0461
2011/9/28,0.047894
2011/9/29,0.05075
2011/9/30,0.0501
2011/10/8,0.049677
2011/10/9,0.048118
2011/10/10,0.0445
2011/10/11,0.042019
2011/10/12,0.0333
2011/10/13,0.0316
2011/10/14,0.0315
2011/10/17,0.0334
2011/10/18,0.03515
2011/10/19,0.0336
2011/10/20,0.0347
2011/10/21,0.0346
2011/10/24,0.034
2011/10/25,0.03989
2011/10/26,0.0408
2011/10/27,0.0448
2011/10/28,0.0488
2011/10/31,0.0488
2011/11/1,0.04348
2011/11/2,0.0372
2011/11/3,0.034
2011/11/4,0.035019
2011/11/7,0.035704
2011/11/8,0.0357
2011/11/9,0.0354
2011/11/10,0.03482
2011/11/11,0.035045
2011/11/14,0.0331
2011/11/15,0.033
2011/11/16,0.0339
2011/11/17,0.03552
2011/11/18,0.037
2011/11/21,0.0422
2011/11/22,0.044
2011/11/23,0.0433
2011/11/24,0.0409
2011/11/25,0.040232
2011/11/28,0.0398
2011/11/29,0.03668
2011/11/30,0.0398
2011/12/1,0.0398
2011/12/2,0.0365
2011/12/5,0.033
2011/12/6,0.034
2011/12/7,0.034333
2011/12/8,0.0348
2011/12/9,0.035413
2011/12/12,0.0355
2011/12/13,0.0351
2011/12/14,0.0323
2011/12/15,0.03461
2011/12/16,0.0307
2011/12/19,0.0305
2011/12/20,0.0321
2011/12/21,0.0359
2011/12/22,0.03774
2011/12/23,0.0374
2011/12/26,0.04
2011/12/27,0.0437
2011/12/28,0.0475
2011/12/29,0.054306
2011/12/30,0.056
2011/12/31,0.0631
2012/1/4,0.04
2012/1/5,0.0451
2012/1/6,0.0431
2012/1/9,0.045271
2012/1/10,0.041
2012/1/11,0.040026
2012/1/12,0.0416
2012/1/13,0.0481
2012/1/16,0.054825
2012/1/17,0.0709
2012/1/18,0.081
2012/1/19,0.0601
2012/1/20,0.052
2012/1/21,0.0363
2012/1/29,0.0423
2012/1/30,0.04354
2012/1/31,0.043
2012/2/1,0.0437
2012/2/2,0.043304
2012/2/3,0.033176
2012/2/6,0.0346
2012/2/7,0.0353
2012/2/8,0.0372
2012/2/9,0.0368
2012/2/10,0.0363
2012/2/13,0.0366
2012/2/14,0.037593
2012/2/15,0.038918
2012/2/16,0.042346
2012/2/17,0.0521
2012/2/20,0.053529
2012/2/21,0.0513
2012/2/22,0.0503
2012/2/23,0.0548
2012/2/24,0.045
2012/2/27,0.03645
2012/2/28,0.0366
2012/2/29,0.035
2012/3/1,0.0329
2012/3/2,0.03285
2012/3/5,0.032
2012/3/6,0.0314
2012/3/7,0.0311
2012/3/8,0.029405
2012/3/9,0.029771
2012/3/12,0.02801
2012/3/13,0.03
2012/3/14,0.0302
2012/3/15,0.0289
2012/3/16,0.0291
2012/3/19,0.02885
2012/3/20,0.0302
2012/3/21,0.03075
2012/3/22,0.0317
2012/3/23,0.0298
2012/3/26,0.033
2012/3/27,0.0321
2012/3/28,0.0355
2012/3/29,0.03505
2012/3/30,0.03709
2012/3/31,0.03458
2012/4/1,0.0345
2012/4/5,0.039574
2012/4/6,0.0425
2012/4/9,0.0376
2012/4/10,0.037045
2012/4/11,0.03784
2012/4/12,0.03826
2012/4/13,0.0383
2012/4/16,0.0383
2012/4/17,0.0377
2012/4/18,0.0376
2012/4/19,0.038107
2012/4/20,0.0397
2012/4/23,0.038
2012/4/24,0.0379
2012/4/25,0.0391
2012/4/26,0.0402
2012/4/27,0.03886
2012/4/28,0.037857
2012/5/2,0.0382
2012/5/3,0.03862
2012/5/4,0.0385
2012/5/7,0.03786
2012/5/8,0.0371
2012/5/9,0.0334
2012/5/10,0.0326
2012/5/11,0.0322
2012/5/14,0.031572
2012/5/15,0.0284
2012/5/16,0.028077
2012/5/17,0.0269
2012/5/18,0.026941
2012/5/21,0.026828
2012/5/22,0.027
2012/5/23,0.0243
2012/5/24,0.0225
2012/5/25,0.0254
2012/5/28,0.0251
2012/5/29,0.026
2012/5/30,0.0233
2012/5/31,0.021419
2012/6/1,0.02366
2012/6/4,0.025307
2012/6/5,0.026022
2012/6/6,0.025637
2012/6/7,0.027
2012/6/8,0.0244
2012/6/11,0.024173
2012/6/12,0.0255
2012/6/13,0.026864
2012/6/14,0.027
2012/6/15,0.0275
2012/6/18,0.0258
2012/6/19,0.0294
2012/6/20,0.034247
2012/6/21,0.044
2012/6/25,0.0424
2012/6/26,0.042876
2012/6/27,0.042
2012/6/28,0.0393
2012/6/29,0.0411
2012/7/2,0.041632
2012/7/3,0.0421
2012/7/4,0.0388
2012/7/5,0.0404
2012/7/6,0.0345
2012/7/9,0.03347
2012/7/10,0.03323
2012/7/11,0.03273
2012/7/12,0.032015
2012/7/13,0.033365
2012/7/16,0.032776
2012/7/17,0.032774
2012/7/18,0.0346
2012/7/19,0.0356
2012/7/20,0.0358
2012/7/23,0.0356
2012/7/24,0.0338
2012/7/25,0.0335
2012/7/26,0.0338
2012/7/27,0.0313
2012/7/30,0.031332
2012/7/31,0.0337
2012/8/1,0.03425
2012/8/2,0.0353
2012/8/3,0.0344
2012/8/6,0.0345
2012/8/7,0.0327
2012/8/8,0.0327
2012/8/9,0.0332
2012/8/10,0.0331
2012/8/13,0.0334
2012/8/14,0.0335
2012/8/15,0.03456
2012/8/16,0.0355
2012/8/17,0.0392
2012/8/20,0.0361
2012/8/21,0.0375
2012/8/22,0.037982
2012/8/23,0.038
2012/8/24,0.036
2012/8/27,0.0346
2012/8/28,0.0308
2012/8/29,0.0354
2012/8/30,0.03594
2012/8/31,0.035114
2012/9/3,0.0339
2012/9/4,0.0249
2012/9/5,0.03427
2012/9/6,0.03436
2012/9/7,0.034
2012/9/10,0.0302
2012/9/11,0.03
2012/9/12,0.0343
2012/9/13,0.0344
2012/9/14,0.0338
2012/9/17,0.0326
2012/9/18,0.0316
2012/9/19,0.032827
2012/9/20,0.0386
2012/9/21,0.0445
2012/9/24,0.0448
2012/9/25,0.047167
2012/9/26,0.0375
2012/9/27,0.0375
2012/9/28,0.029
2012/9/29,0.0305
2012/10/8,0.0381
2012/10/9,0.0378
2012/10/10,0.031674
2012/10/11,0.0319
2012/10/12,0.032242
2012/10/15,0.028
2012/10/16,0.028
2012/10/17,0.0287
2012/10/18,0.0272
2012/10/19,0.0272
2012/10/22,0.0273
2012/10/23,0.0292
2012/10/24,0.0318
2012/10/25,0.0362
2012/10/26,0.0359
2012/10/29,0.0418
2012/10/30,0.0325
2012/10/31,0.0322
2012/11/1,0.0346
2012/11/2,0.034379
2012/11/5,0.0334
2012/11/6,0.032037
2012/11/7,0.0315
2012/11/8,0.0331
2012/11/9,0.0313
2012/11/12,0.0309
2012/11/13,0.0317
2012/11/14,0.03355
2012/11/15,0.033162
2012/11/16,0.0293
2012/11/19,0.0323
2012/11/20,0.0337
2012/11/21,0.0321
2012/11/22,0.0323
2012/11/23,0.0284
2012/11/26,0.02876
2012/11/27,0.02875
2012/11/28,0.0338
2012/11/29,0.0335
2012/11/30,0.033925
2012/12/3,0.0335
2012/12/4,0.028846
2012/12/5,0.0282
2012/12/6,0.02902
2012/12/7,0.030571
2012/12/10,0.0303
2012/12/11,0.0305
2012/12/12,0.0302
2012/12/13,0.0266
2012/12/14,0.0301
2012/12/17,0.0305
2012/12/18,0.029952
2012/12/19,0.0305
2012/12/20,0.03424
2012/12/21,0.0347
2012/12/24,0.0316
2012/12/25,0.0383
2012/12/26,0.0387
2012/12/27,0.04
2012/12/28,0.0408
2012/12/31,0.0459
2013/1/4,0.0408
2013/1/5,0.0377
2013/1/6,0.0354
2013/1/7,0.0321
2013/1/8,0.0317
2013/1/9,0.03036
2013/1/10,0.030039
2013/1/11,0.0276
2013/1/14,0.028
2013/1/15,0.0287
2013/1/16,0.028
2013/1/17,0.0281
2013/1/18,0.0288
2013/1/21,0.030141
2013/1/22,0.030006
2013/1/23,0.03
2013/1/24,0.027571
2013/1/25,0.0271
2013/1/28,0.0298
2013/1/29,0.0313
2013/1/30,0.0324
2013/1/31,0.0324
2013/2/1,0.0335
2013/2/4,0.034
2013/2/5,0.0331
2013/2/6,0.0369
2013/2/7,0.041004
2013/2/8,0.0352
2013/2/16,0.028
2013/2/17,0.0298
2013/2/18,0.029325
2013/2/19,0.0296
2013/2/20,0.0296
2013/2/21,0.029983
2013/2/22,0.0308
2013/2/25,0.0331
2013/2/26,0.0379
2013/2/27,0.0422
2013/2/28,0.0427
2013/3/1,0.0455
2013/3/4,0.0433
2013/3/5,0.0322
2013/3/6,0.03
2013/3/7,0.0253
2013/3/8,0.025
2013/3/11,0.0301
2013/3/12,0.03073
2013/3/13,0.0303
2013/3/14,0.0309
2013/3/15,0.0338
2013/3/18,0.031
2013/3/19,0.0298
2013/3/20,0.0327
2013/3/21,0.030441
2013/3/22,0.0295
2013/3/25,0.0291
2013/3/26,0.03028
2013/3/27,0.0285
2013/3/28,0.032
2013/3/29,0.0339
2013/4/1,0.0342
2013/4/2,0.0342
2013/4/3,0.0332
2013/4/7,0.0326
2013/4/8,0.0328
2013/4/9,0.0329
2013/4/10,0.032311
2013/4/11,0.0303
2013/4/12,0.0295
2013/4/15,0.0297
2013/4/16,0.0307
2013/4/17,0.0301
2013/4/18,0.0288
2013/4/19,0.0313
2013/4/22,0.0315
2013/4/23,0.0369
2013/4/24,0.0475
2013/4/25,0.05
2013/4/26,0.0355
2013/4/27,0.0352
2013/4/28,0.0301
2013/5/2,0.0292
2013/5/3,0.0318
2013/5/6,0.032166
2013/5/7,0.03178
2013/5/8,0.0301
2013/5/9,0.0313
2013/5/10,0.029781
2013/5/13,0.029373
2013/5/14,0.02796
2013/5/15,0.02776
2013/5/16,0.0319
2013/5/17,0.0352
2013/5/20,0.0425
2013/5/21,0.0438
2013/5/22,0.039
2013/5/23,0.0419
2013/5/24,0.0419
2013/5/27,0.0409
2013/5/28,0.0353
2013/5/29,0.0368
2013/5/30,0.0413
2013/5/31,0.048
2013/6/3,0.0462
2013/6/4,0.0472
2013/6/5,0.0474
2013/6/6,0.0515
2013/6/7,0.0652
2013/6/8,0.0752
2013/6/9,0.0688
2013/6/13,0.0595
2013/6/14,0.0681
2013/6/17,0.0689
2013/6/18,0.0664
2013/6/19,0.0807
2013/6/20,0.1077
2013/6/21,0.085
2013/6/24,0.0732
2013/6/25,0.08
2013/6/26,0.0722
2013/6/27,0.0685
2013/6/28,0.0619
2013/7/1,0.056
2013/7/2,0.0476
2013/7/3,0.043
2013/7/4,0.0398
2013/7/5,0.0383
2013/7/8,0.0366
2013/7/9,0.036
2013/7/10,0.0359
2013/7/11,0.0385
2013/7/12,0.0381
2013/7/15,0.03811
2013/7/16,0.0372
2013/7/17,0.036
2013/7/18,0.0365
2013/7/19,0.0383
2013/7/22,0.0397
2013/7/23,0.04145
2013/7/24,0.042
2013/7/25,0.0413
2013/7/26,0.0445
2013/7/29,0.051
2013/7/30,0.051
2013/7/31,0.0498
2013/8/1,0.0456
2013/8/2,0.0431
2013/8/5,0.0435
2013/8/6,0.0415
2013/8/7,0.0388
2013/8/8,0.0375
2013/8/9,0.037
2013/8/12,0.03666
2013/8/13,0.0379
2013/8/14,0.038576
2013/8/15,0.0406
2013/8/16,0.0378
2013/8/19,0.041
2013/8/20,0.0445
2013/8/21,0.0425
2013/8/22,0.0422
2013/8/23,0.0416
2013/8/26,0.0408
2013/8/27,0.0432
2013/8/28,0.043
2013/8/29,0.044
2013/8/30,0.0375
2013/9/2,0.0374
2013/9/3,0.03766
2013/9/4,0.0363
2013/9/5,0.0345
2013/9/6,0.0352
2013/9/9,0.0355
2013/9/10,0.0364
2013/9/11,0.0349
2013/9/12,0.034925
2013/9/13,0.0357
2013/9/16,0.0348
2013/9/17,0.0359
2013/9/18,0.0371
2013/9/22,0.04
2013/9/23,0.0422
2013/9/24,0.0443
2013/9/25,0.0384
2013/9/26,0.0406
2013/9/27,0.036417
2013/9/29,0.037
2013/9/30,0.042
2013/10/8,0.044
2013/10/9,0.045
2013/10/10,0.045
2013/10/11,0.0425
2013/10/12,0.042511
2013/10/14,0.0386
2013/10/15,0.0392
2013/10/16,0.0332
2013/10/17,0.0336
2013/10/18,0.035
2013/10/21,0.0356
2013/10/22,0.0358
2013/10/23,0.0402
2013/10/24,0.0467
2013/10/25,0.0488
2013/10/28,0.0493
2013/10/29,0.05
2013/10/30,0.0555
2013/10/31,0.0505
2013/11/1,0.04636
2013/11/4,0.0451
2013/11/5,0.0424
2013/11/6,0.0388
2013/11/7,0.0395
2013/11/8,0.0404
2013/11/11,0.038
2013/11/12,0.0369
2013/11/13,0.0366
2013/11/14,0.0423
2013/11/15,0.053
2013/11/18,0.054
2013/11/19,0.049
2013/11/20,0.0477
2013/11/21,0.0474
2013/11/22,0.0496
2013/11/25,0.0474
2013/11/26,0.0471
2013/11/27,0.048
2013/11/28,0.0491
2013/11/29,0.047
2013/12/2,0.046
2013/12/3,0.0462
2013/12/4,0.0466
2013/12/5,0.0458
2013/12/6,0.0455
2013/12/10,0.044455
2013/12/11,0.0433
2013/12/12,0.0431
2013/12/13,0.0432
2013/12/16,0.0437
2013/12/17,0.0448
2013/12/18,0.052
2013/12/19,0.066
2013/12/20,0.076
2013/12/23,0.0884
2013/12/24,0.054
2013/12/25,0.0563
2013/12/26,0.0533
2013/12/27,0.0508
2013/12/30,0.0486
2013/12/30,0.0486
2013/12/31,0.0525
2013/12/31,0.0525
2014/1/2,0.0511
2014/1/3,0.0479
2014/1/6,0.0463
2014/1/7,0.04273
2014/1/8,0.0415
2014/1/9,0.0402
2014/1/10,0.040364
2014/1/13,0.0402
2014/1/14,0.0404
2014/1/15,0.0403
2014/1/16,0.0429
2014/1/17,0.0479
2014/1/20,0.0632
2014/1/21,0.0544
2014/1/22,0.0525
2014/1/23,0.053
2014/1/24,0.043369
2014/1/26,0.0472
2014/1/27,0.0465
2014/1/28,0.0496
2014/1/29,0.0527
2014/1/30,0.0498
2014/2/7,0.0541
2014/2/8,0.0525
2014/2/10,0.053
2014/2/11,0.0522
2014/2/12,0.05209
2014/2/13,0.0502
2014/2/14,0.0444
2014/2/17,0.0387
2014/2/18,0.0382
2014/2/19,0.0386
2014/2/20,0.0373
2014/2/21,0.0363
2014/2/24,0.0334
2014/2/25,0.0324
2014/2/26,0.0308
2014/2/27,0.0345
2014/2/28,0.0353
2014/3/3,0.0278
2014/3/4,0.0353
2014/3/5,0.0381
2014/3/6,0.0248
2014/3/7,0.024
2014/3/10,0.0237
2014/3/11,0.0228
2014/3/12,0.0222
2014/3/13,0.0252
2014/3/14,0.0258
2014/3/17,0.0267
2014/3/18,0.0288
2014/3/19,0.0346
2014/3/20,0.0348
2014/3/21,0.0359
2014/3/24,0.036
2014/3/25,0.0365
2014/3/26,0.0386
2014/3/27,0.0483
2014/3/28,0.0418
2014/3/31,0.0417
2014/4/1,0.043
2014/4/2,0.0423
2014/4/3,0.0412
2014/4/4,0.03014
2014/4/8,0.0363
2014/4/9,0.037
2014/4/10,0.0378
2014/4/11,0.0373
2014/4/14,0.0357
2014/4/15,0.0346
2014/4/16,0.0273
2014/4/17,0.0273
2014/4/18,0.0276
2014/4/21,0.0273
2014/4/22,0.0302
2014/4/23,0.0312
2014/4/24,0.0355
2014/4/25,0.0353
2014/4/28,0.0405
2014/4/29,0.041
2014/4/30,0.04176
2014/5/4,0.0371
2014/5/5,0.031393
2014/5/6,0.0308
2014/5/7,0.0315
2014/5/8,0.032325
2014/5/9,0.032002
2014/5/12,0.0319
2014/5/13,0.031813
2014/5/14,0.0324
2014/5/15,0.0313
2014/5/16,0.0315
2014/5/19,0.031
2014/5/20,0.0341
2014/5/21,0.03366
2014/5/22,0.0342
2014/5/23,0.0342
2014/5/26,0.0322
2014/5/27,0.0323
2014/5/28,0.032
2014/5/29,0.0322
2014/5/30,0.0325
2014/6/3,0.0321
2014/6/4,0.03156
2014/6/5,0.03077
2014/6/6,0.0316
2014/6/9,0.0313
2014/6/10,0.03127
2014/6/11,0.032
2014/6/12,0.032
2014/6/13,0.0308
2014/6/16,0.0304
2014/6/17,0.0308
2014/6/18,0.0307
2014/6/19,0.0318
2014/6/20,0.0342
2014/6/23,0.0348
2014/6/24,0.0348
2014/6/25,0.0347
2014/6/26,0.036
2014/6/27,0.038
2014/6/30,0.0385
2014/7/1,0.0444
2014/7/2,0.0394
2014/7/3,0.0341
2014/7/4,0.0343
2014/7/7,0.0345
2014/7/8,0.036
2014/7/9,0.038
2014/7/10,0.0374
2014/7/11,0.0375
2014/7/14,0.038
2014/7/15,0.0368
2014/7/16,0.0372
2014/7/17,0.0383
2014/7/18,0.0371
2014/7/21,0.0367
2014/7/22,0.0383
2014/7/23,0.042
2014/7/24,0.0409
2014/7/25,0.041
2014/07/28,0.0408
2014/07/29,0.0395
2014/07/30,0.0398
2014/07/31,0.0402
2014/08/01,0.039
2014/08/04,0.039
2014/08/05,0.0365
2014/08/06,0.036
2014/08/07,0.0358
2014/08/08,0.0354
2014/08/11,0.034
2014/08/12,0.0342
2014/08/13,0.0342
2014/08/14,0.0342
2014/08/15,0.0353
2014/08/18,0.034
2014/08/19,0.033
2014/08/20,0.0331
2014/08/21,0.035
2014/08/22,0.035
2014/08/25,0.035
2014/08/26,0.0329
2014/08/27,0.0342
2014/08/28,0.0372
2014/08/29,0.0379
2014/09/01,0.035
2014/09/02,0.0355
2014/09/03,0.034
2014/09/04,0.033458
2014/09/05,0.0321
2014/09/09,0.0329
2014/09/10,0.0325
2014/09/11,0.0327
2014/09/12,0.034
2014/09/15,0.0343
2014/09/16,0.0345
2014/09/17,0.0339
2014/09/18,0.034
2014/09/19,0.034
2014/09/22,0.0326
2014/09/23,0.0313
2014/09/24,0.0334
2014/09/25,0.0325
2014/09/26,0.0328
2014/09/28,0.0301
2014/09/29,0.03
2014/09/30,0.029
2014/10/08,0.0309
2014/10/09,0.0305
2014/10/10,0.0318
2014/10/11,0.03
2014/10/13,0.0305
2014/10/14,0.0301
2014/10/15,0.0299
2014/10/16,0.0305
2014/10/17,0.0304
2014/10/20,0.0295
2014/10/21,0.03
2014/10/22,0.0299
2014/10/23,0.0309
2014/10/24,0.031
2014/10/27,0.0313
2014/10/28,0.0318
2014/10/29,0.0325
2014/10/30,0.0325
2014/10/31,0.0328
2014/11/03,0.0331
2014/11/04,0.0321
2014/11/05,0.0322
2014/11/06,0.0318
2014/11/07,0.0325
2014/11/10,0.032
2014/11/11,0.0314
2014/11/12,0.0317
2014/11/13,0.0317
2014/11/14,0.032
2014/11/17,0.0313
2014/11/18,0.0311
2014/11/19,0.0319
2014/11/20,0.034
2014/11/21,0.035
2014/11/24,0.035
2014/11/25,0.033
2014/11/26,0.0327
2014/11/27,0.035
2014/11/28,0.0345
2014/12/01,0.0335
2014/12/02,0.034675
2014/12/03,0.0352
2014/12/04,0.0359
2014/12/05,0.0345
2014/12/08,0.0345
2014/12/09,0.0347
2014/12/10,0.036
2014/12/11,0.0363
2014/12/12,0.0381
2014/12/15,0.0355
2014/12/16,0.0367
2014/12/17,0.0378
2014/12/18,0.044
2014/12/19,0.0594
2014/12/22,0.0572
2014/12/23,0.055
2014/12/24,0.05
2014/12/25,0.0487
2014/12/26,0.0474
2014/12/29,0.0465
2014/12/30,0.0474
2014/12/31,0.0481
2015/01/04,0.0489
2015/01/05,0.0449
2015/01/06,0.0406
2015/01/07,0.0387
2015/01/08,0.0374
2015/01/09,0.038
2015/01/12,0.0382
2015/01/13,0.0384
2015/01/14,0.039
2015/01/15,0.0384
2015/01/16,0.0394
2015/01/19,0.0375
2015/01/20,0.0373
2015/01/21,0.04
2015/01/22,0.0415
2015/01/23,0.0392
2015/01/26,0.039
2015/01/27,0.039
2015/01/28,0.0393
2015/01/29,0.04
2015/01/30,0.0411
2015/02/02,0.046
2015/02/03,0.045
2015/02/04,0.0451
2015/02/05,0.045
2015/02/06,0.0445
2015/02/09,0.0435
2015/02/10,0.0434
2015/02/11,0.045
2015/02/12,0.047
2015/02/13,0.0468
2015/02/15,0.0469
2015/02/16,0.048
2015/02/17,0.0479
2015/02/25,0.0483
2015/02/26,0.049
2015/02/27,0.0475
2015/02/28,0.0499
2015/03/02,0.0496
2015/03/03,0.0473
2015/03/04,0.0473
2015/03/05,0.0474
2015/03/06,0.048
2015/03/09,0.0481
2015/03/10,0.048
2015/03/11,0.0467
2015/03/12,0.0485
2015/03/13,0.04803
2015/03/16,0.0475
2015/03/17,0.0465
2015/03/18,0.0462
2015/03/19,0.0448
2015/03/20,0.0425
2015/03/23,0.0413
2015/03/24,0.04
2015/03/25,0.0394
2015/03/26,0.0388
2015/03/27,0.0389
2015/03/30,0.0395
2015/03/31,0.04
2015/04/01,0.038
2015/04/02,0.0367
2015/04/03,0.0342
2015/04/07,0.0327
2015/04/08,0.0312
2015/04/09,0.0309
2015/04/10,0.03
2015/04/13,0.0296
2015/04/14,0.03
2015/04/15,0.03
2015/04/16,0.0303
2015/04/17,0.0293
2015/04/20,0.0281
2015/04/21,0.0264
2015/04/22,0.0261
2015/04/23,0.0257
2015/04/24,0.026
2015/04/27,0.0247
2015/04/28,0.0248
2015/04/29,0.0251
2015/04/30,0.0245
2015/05/04,0.0243
2015/05/05,0.0252
2015/05/06,0.025
2015/05/07,0.024
2015/05/08,0.0237
2015/05/11,0.0235
2015/05/12,0.0216
2015/05/13,0.0209
2015/05/14,0.02
2015/05/15,0.0192
2015/05/18,0.02
2015/05/19,0.0191
2015/05/20,0.0198
2015/05/21,0.0199
2015/05/22,0.0201
2015/05/25,0.020058
2015/05/26,0.0197
2015/05/27,0.02
2015/05/28,0.0203
2015/05/29,0.0208
2015/06/01,0.0201
2015/06/02,0.0225
2015/06/03,0.0222
2015/06/04,0.0223
2015/06/05,0.0206
2015/06/08,0.0206
2015/06/09,0.0208
2015/06/10,0.0212
2015/06/11,0.021
2015/06/12,0.0222
2015/06/15,0.022402
2015/6/16,0.023
2015/6/17,0.0241
2015/6/18,0.027
2015/6/19,0.0273
2015/6/23,0.0286
2015/6/24,0.0287
2015/6/25,0.0302
2015/6/26,0.03
2015/6/29,0.0275
2015/6/30,0.0256
2015/7/1,0.0275
2015/7/2,0.0287
2015/7/3,0.029
2015/7/6,0.0278
2015/7/7,0.026
2015/7/8,0.0261
2015/7/9,0.0257
2015/7/10,0.0258
2015/7/13,0.0258
2015/7/14,0.0255
2015/7/15,0.025
2015/7/16,0.025
2015/7/17,0.0253
2015/7/20,0.024
2015/7/21,0.0245
2015/7/22,0.025
2015/7/23,0.0256
2015/7/24,0.0253
2015/7/27,0.0252
2015/7/28,0.0244
2015/7/29,0.0246
2015/7/30,0.0248
2015/7/31,0.0247
2015/8/3,0.0245
2015/8/4,0.0243
2015/8/5,0.0241
2015/8/6,0.023
2015/8/7,0.0244
2015/8/10,0.0242
2015/8/11,0.024
2015/8/12,0.0244
2015/8/13,0.0245
2015/8/14,0.0248
2015/8/17,0.0248
2015/8/18,0.0249
2015/8/19,0.0252
2015/8/20,0.0259
2015/8/21,0.0256
2015/8/24,0.0253
2015/8/25,0.0256
2015/8/26,0.0239
2015/8/27,0.0233
2015/8/28,0.0238
2015/8/31,0.0242
2015/9/1,0.024
2015/9/2,0.0248
2015/9/7,0.024
2015/9/8,0.0241
2015/9/9,0.0238
2015/9/10,0.0243
2015/9/11,0.0235
2015/9/14,0.0236
2015/9/15,0.0237
2015/9/16,0.0239
2015/9/17,0.0237
2015/9/18,0.024
2015/9/21,0.0236
2015/9/22,0.0237
2015/9/23,0.0234
2015/9/24,0.0245
2015/9/25,0.0237
2015/9/28,0.0235
2015/9/29,0.0251
2015/9/30,0.0236
2015/10/8,0.0237
2015/10/9,0.0242
2015/10/12,0.0237
2015/10/13,0.024
2015/10/14,0.0243
2015/10/15,0.0241
2015/10/16,0.024
2015/10/19,0.024
2015/10/20,0.024
2015/10/21,0.0239
2015/10/22,0.0239
2015/10/23,0.024
2015/10/26,0.0237
2015/10/27,0.0228
2015/10/28,0.023
2015/10/29,0.0234
2015/10/30,0.0234
2015/11/2,0.0233
2015/11/3,0.0235
2015/11/4,0.0235
2015/11/5,0.0231
2015/11/6,0.0232
2015/11/9,0.023
2015/11/10,0.0231
2015/11/11,0.023
2015/11/12,0.0232
2015/11/13,0.023